id,prediction,uid
0,1,7.21E+17
1,1,7.21E+17
2,0,7.21E+17
3,0,7.21E+17
4,0,7.21E+17
5,0,7.21E+17
6,0,7.21E+17
7,0,7.21E+17
8,0,7.21E+17
9,1,7.21E+17
10,0,7.21E+17
11,0,7.21E+17
12,0,7.21E+17
13,0,7.21E+17
14,1,7.21E+17
15,0,7.21E+17
16,0,7.21E+17
17,1,7.21E+17
18,1,7.21E+17
19,0,7.21E+17
20,1,7.21E+17
21,0,7.21E+17
22,1,7.21E+17
23,1,7.21E+17
24,0,7.21E+17
25,1,7.21E+17
26,1,7.21E+17
27,1,7.21E+17
28,0,7.21E+17
29,0,7.21E+17
30,1,7.21E+17
31,1,7.21E+17
32,1,7.21E+17
33,0,7.21E+17
34,0,7.21E+17
35,0,7.21E+17
36,0,7.21E+17
37,0,7.21E+17
38,1,7.21E+17
39,1,7.21E+17
40,0,7.21E+17
41,0,7.21E+17
42,1,7.21E+17
43,1,7.21E+17
44,1,7.21E+17
45,0,7.21E+17
46,1,7.21E+17
47,0,7.21E+17
48,0,7.21E+17
49,0,7.21E+17
50,0,7.21E+17
51,1,7.21E+17
52,1,7.21E+17
53,1,7.21E+17
54,0,7.21E+17
55,0,7.21E+17
56,1,7.21E+17
57,1,7.21E+17
58,0,7.21E+17
59,1,7.21E+17
60,0,7.21E+17
61,1,7.21E+17
62,0,7.21E+17
63,1,7.21E+17
64,0,7.21E+17
65,1,7.21E+17
66,1,7.21E+17
67,1,7.21E+17
68,0,7.21E+17
69,0,7.21E+17
70,0,7.21E+17
71,0,7.21E+17
72,0,7.21E+17
73,0,7.21E+17
74,0,7.21E+17
75,0,7.21E+17
76,0,7.21E+17
77,1,7.21E+17
78,1,7.21E+17
79,0,7.21E+17
80,1,7.21E+17
81,0,7.21E+17
82,0,7.21E+17
83,1,7.21E+17
84,0,7.21E+17
85,1,7.21E+17
86,0,7.21E+17
87,0,7.21E+17
88,1,7.21E+17
89,1,7.21E+17
90,1,7.21E+17
91,1,7.21E+17
92,0,7.21E+17
93,1,7.21E+17
94,1,7.21E+17
95,1,7.21E+17
96,0,7.21E+17
97,1,7.21E+17
98,1,7.21E+17
99,1,7.21E+17
100,1,7.21E+17
101,0,7.21E+17
102,1,7.21E+17
103,1,7.21E+17
104,1,7.21E+17
105,1,7.21E+17
106,1,7.21E+17
107,1,7.21E+17
108,0,7.21E+17
109,1,7.21E+17
110,1,7.21E+17
111,0,7.21E+17
112,0,7.21E+17
113,1,7.21E+17
114,1,7.21E+17
115,0,7.21E+17
116,1,7.21E+17
117,1,7.21E+17
118,1,7.21E+17
119,0,7.21E+17
120,1,7.21E+17
121,0,7.21E+17
122,1,7.21E+17
123,1,7.21E+17
124,1,7.21E+17
125,1,7.21E+17
126,1,7.21E+17
127,1,7.21E+17
128,1,7.21E+17
129,0,7.21E+17
130,1,7.21E+17
131,1,7.21E+17
132,0,7.21E+17
133,1,7.21E+17
134,1,7.21E+17
135,1,7.21E+17
136,1,7.21E+17
137,0,7.21E+17
138,1,7.21E+17
139,1,7.21E+17
140,1,7.21E+17
141,1,7.21E+17
142,1,7.21E+17
143,1,7.21E+17
144,0,7.21E+17
145,1,7.21E+17
146,1,7.21E+17
147,1,7.21E+17
148,1,7.21E+17
149,1,7.21E+17
150,1,7.21E+17
151,1,7.21E+17
152,1,7.21E+17
153,1,7.21E+17
154,0,7.21E+17
155,1,7.21E+17
156,1,7.21E+17
157,1,7.21E+17
158,0,7.21E+17
159,0,7.21E+17
160,0,7.21E+17
161,0,7.21E+17
162,1,7.21E+17
163,1,7.21E+17
164,1,7.21E+17
165,1,7.21E+17
166,0,7.21E+17
167,1,7.21E+17
168,0,7.21E+17
169,0,7.21E+17
170,0,7.21E+17
171,1,7.21E+17
172,1,7.21E+17
173,0,7.21E+17
174,1,7.21E+17
175,0,7.21E+17
176,0,7.21E+17
177,0,7.21E+17
178,1,7.21E+17
179,1,7.21E+17
180,1,7.21E+17
181,1,7.21E+17
182,0,7.21E+17
183,1,7.21E+17
184,0,7.21E+17
185,1,7.21E+17
186,1,7.21E+17
187,1,7.21E+17
188,0,7.21E+17
189,1,7.21E+17
190,0,7.21E+17
191,1,7.21E+17
192,1,7.21E+17
193,0,7.21E+17
194,1,7.21E+17
195,0,7.21E+17
196,1,7.21E+17
197,1,7.21E+17
198,0,7.21E+17
199,1,7.21E+17
200,1,7.21E+17
201,0,7.21E+17
202,1,7.21E+17
203,1,7.21E+17
204,1,7.21E+17
205,0,7.21E+17
206,0,7.21E+17
207,0,7.21E+17
208,1,7.21E+17
209,1,7.21E+17
210,1,7.21E+17
211,1,7.21E+17
212,1,7.21E+17
213,1,7.21E+17
214,1,7.21E+17
215,0,7.21E+17
216,0,7.21E+17
217,0,7.21E+17
218,0,7.21E+17
219,0,7.21E+17
220,1,7.21E+17
221,0,7.21E+17
222,0,7.21E+17
223,0,7.21E+17
224,0,7.21E+17
225,0,7.21E+17
226,0,7.21E+17
227,0,7.21E+17
228,1,7.21E+17
229,1,7.21E+17
230,1,7.21E+17
231,0,7.21E+17
232,0,7.21E+17
233,0,7.21E+17
234,1,7.21E+17
235,1,7.21E+17
236,0,7.21E+17
237,0,7.21E+17
238,1,7.21E+17
239,0,7.21E+17
240,1,7.21E+17
241,1,7.21E+17
242,0,7.21E+17
243,0,7.21E+17
244,1,7.21E+17
245,0,7.21E+17
246,1,7.21E+17
247,0,7.21E+17
248,1,7.21E+17
249,0,7.21E+17
250,1,7.21E+17
251,1,7.21E+17
252,0,7.21E+17
253,0,7.21E+17
254,0,7.21E+17
255,0,7.21E+17
256,1,7.21E+17
257,1,7.21E+17
258,0,7.21E+17
259,0,7.21E+17
260,1,7.21E+17
261,0,7.21E+17
262,0,7.21E+17
263,0,7.21E+17
264,1,7.21E+17
265,0,7.21E+17
266,1,7.21E+17
267,1,7.21E+17
268,0,7.21E+17
269,1,7.21E+17
270,0,7.21E+17
271,1,7.21E+17
272,1,7.21E+17
273,0,7.21E+17
274,1,7.21E+17
275,1,7.21E+17
276,0,7.21E+17
277,1,7.21E+17
278,0,7.21E+17
279,0,7.21E+17
280,0,7.21E+17
281,0,7.21E+17
282,0,7.21E+17
283,0,7.21E+17
284,0,7.21E+17
285,0,7.21E+17
286,0,7.21E+17
287,0,7.21E+17
288,1,7.21E+17
289,0,7.21E+17
290,0,7.21E+17
291,0,7.21E+17
292,0,7.21E+17
293,0,7.21E+17
294,1,7.21E+17
295,0,7.21E+17
296,1,7.21E+17
297,0,7.21E+17
298,1,7.21E+17
299,0,7.21E+17
300,1,7.21E+17
301,1,7.21E+17
302,0,7.21E+17
303,1,7.21E+17
304,1,7.21E+17
305,1,7.21E+17
306,1,7.21E+17
307,0,7.21E+17
308,1,7.21E+17
309,1,7.21E+17
310,1,7.21E+17
311,1,7.21E+17
312,0,7.21E+17
313,1,7.21E+17
314,1,7.21E+17
315,0,7.21E+17
316,1,7.21E+17
317,1,7.21E+17
318,1,7.21E+17
319,1,7.21E+17
320,1,7.21E+17
321,1,7.21E+17
322,0,7.21E+17
323,1,7.21E+17
324,0,7.21E+17
325,1,7.21E+17
326,1,7.21E+17
327,1,7.21E+17
328,1,7.21E+17
329,0,7.21E+17
330,1,7.21E+17
331,0,7.21E+17
332,1,7.21E+17
333,1,7.21E+17
334,1,7.21E+17
335,0,7.21E+17
336,0,7.21E+17
337,1,7.21E+17
338,1,7.21E+17
339,1,7.21E+17
340,1,7.21E+17
341,0,7.21E+17
342,0,7.21E+17
343,0,7.21E+17
344,0,7.21E+17
345,1,7.21E+17
346,0,7.21E+17
347,1,7.21E+17
348,1,7.21E+17
349,0,7.21E+17
350,1,7.21E+17
351,1,7.21E+17
352,0,7.21E+17
353,0,7.21E+17
354,1,7.21E+17
355,1,7.21E+17
356,1,7.21E+17
357,1,7.21E+17
358,1,7.21E+17
359,0,7.21E+17
360,0,7.21E+17
361,1,7.21E+17
362,1,7.21E+17
363,1,7.21E+17
364,1,7.21E+17
365,1,7.21E+17
366,1,7.21E+17
367,1,7.21E+17
368,1,7.21E+17
369,1,7.21E+17
370,0,7.21E+17
371,0,7.21E+17
372,1,7.21E+17
373,0,7.21E+17
374,0,7.21E+17
375,1,7.21E+17
376,1,7.21E+17
377,1,7.21E+17
378,1,7.21E+17
379,0,7.21E+17
380,1,7.21E+17
381,0,7.21E+17
382,1,7.21E+17
383,1,7.21E+17
384,1,7.21E+17
385,1,7.21E+17
386,1,7.21E+17
387,0,7.21E+17
388,1,7.21E+17
389,1,7.21E+17
390,0,7.21E+17
391,0,7.21E+17
392,0,7.21E+17
393,0,7.21E+17
394,0,7.21E+17
395,0,7.21E+17
396,1,7.21E+17
397,0,7.21E+17
398,1,7.21E+17
399,1,7.21E+17
400,1,7.21E+17
401,0,7.21E+17
402,0,7.21E+17
403,0,7.21E+17
404,0,7.21E+17
405,1,7.21E+17
406,0,7.21E+17
407,1,7.21E+17
408,1,7.21E+17
409,1,7.21E+17
410,0,7.21E+17
411,0,7.21E+17
412,1,7.21E+17
413,1,7.21E+17
414,0,7.21E+17
415,1,7.21E+17
416,0,7.21E+17
417,0,7.21E+17
418,0,7.21E+17
419,0,7.21E+17
420,0,7.21E+17
421,0,7.21E+17
422,0,7.21E+17
423,0,7.21E+17
424,0,7.21E+17
425,0,7.21E+17
426,1,7.21E+17
427,0,7.21E+17
428,0,7.21E+17
429,0,7.21E+17
430,0,7.21E+17
431,1,7.21E+17
432,0,7.21E+17
433,1,7.21E+17
434,0,7.21E+17
435,0,7.21E+17
436,0,7.21E+17
437,0,7.21E+17
438,1,7.21E+17
439,0,7.21E+17
440,1,7.21E+17
441,1,7.21E+17
442,1,7.21E+17
443,1,7.21E+17
444,1,7.21E+17
445,1,7.21E+17
446,0,7.21E+17
447,1,7.21E+17
448,1,7.21E+17
449,0,7.21E+17
450,1,7.21E+17
451,0,7.21E+17
452,1,7.21E+17
453,1,7.21E+17
454,1,7.21E+17
455,1,7.21E+17
456,0,7.21E+17
457,1,7.21E+17
458,0,7.21E+17
459,1,7.21E+17
460,1,7.21E+17
461,0,7.21E+17
462,0,7.21E+17
463,1,7.21E+17
464,1,7.21E+17
465,1,7.21E+17
466,1,7.21E+17
467,0,7.21E+17
468,0,7.21E+17
469,0,7.21E+17
470,0,7.21E+17
471,0,7.21E+17
472,0,7.21E+17
473,1,7.21E+17
474,0,7.21E+17
475,0,7.21E+17
476,1,7.21E+17
477,1,7.21E+17
478,1,7.21E+17
479,1,7.21E+17
480,0,7.21E+17
481,1,7.21E+17
482,1,7.21E+17
483,1,7.21E+17
484,1,7.21E+17
485,1,7.21E+17
486,0,7.21E+17
487,1,7.21E+17
488,0,7.21E+17
489,1,7.21E+17
490,1,7.21E+17
491,1,7.21E+17
492,1,7.21E+17
493,1,7.21E+17
494,0,7.21E+17
495,1,7.21E+17
496,1,7.21E+17
497,1,7.21E+17
498,1,7.21E+17
499,1,7.21E+17
500,1,7.21E+17
501,1,7.21E+17
502,0,7.21E+17
503,1,7.21E+17
504,1,7.21E+17
505,1,7.21E+17
506,0,7.21E+17
507,1,7.21E+17
508,1,7.21E+17
509,1,7.21E+17
510,1,7.21E+17
511,0,7.21E+17
512,1,7.21E+17
513,1,7.21E+17
514,0,7.21E+17
515,0,7.21E+17
516,1,7.21E+17
517,1,7.21E+17
518,0,7.21E+17
519,0,7.21E+17
520,0,7.21E+17
521,1,7.21E+17
522,1,7.21E+17
523,1,7.21E+17
524,1,7.21E+17
525,1,7.21E+17
526,1,7.21E+17
527,0,7.21E+17
528,1,7.21E+17
529,0,7.21E+17
530,1,7.21E+17
531,0,7.21E+17
532,0,7.21E+17
533,1,7.21E+17
534,1,7.21E+17
535,0,7.21E+17
536,0,7.21E+17
537,0,7.21E+17
538,0,7.21E+17
539,0,7.21E+17
540,0,7.21E+17
541,1,7.21E+17
542,1,7.21E+17
543,1,7.21E+17
544,1,7.21E+17
545,1,7.21E+17
546,1,7.21E+17
547,0,7.21E+17
548,1,7.21E+17
549,0,7.21E+17
550,1,7.21E+17
551,1,7.21E+17
552,0,7.21E+17
553,0,7.21E+17
554,1,7.21E+17
555,0,7.21E+17
556,1,7.21E+17
557,1,7.21E+17
558,0,7.21E+17
559,0,7.21E+17
560,1,7.21E+17
561,1,7.21E+17
562,1,7.21E+17
563,0,7.21E+17
564,1,7.21E+17
565,1,7.21E+17
566,0,7.21E+17
567,0,7.21E+17
568,0,7.21E+17
569,0,7.21E+17
570,0,7.21E+17
571,1,7.21E+17
572,1,7.21E+17
573,0,7.21E+17
574,0,7.21E+17
575,0,7.21E+17
576,0,7.21E+17
577,1,7.21E+17
578,0,7.21E+17
579,1,7.21E+17
580,0,7.21E+17
581,0,7.21E+17
582,1,7.21E+17
583,0,7.21E+17
584,0,7.21E+17
585,1,7.21E+17
586,0,7.21E+17
587,1,7.21E+17
588,0,7.21E+17
589,0,7.21E+17
590,1,7.21E+17
591,1,7.21E+17
592,1,7.21E+17
593,1,7.21E+17
594,0,7.21E+17
595,1,7.21E+17
596,0,7.21E+17
597,0,7.21E+17
598,1,7.21E+17
599,0,7.21E+17
600,0,7.21E+17
601,0,7.21E+17
602,0,7.21E+17
603,0,7.21E+17
604,1,7.21E+17
605,1,7.21E+17
606,0,7.21E+17
607,0,7.21E+17
608,1,7.21E+17
609,0,7.21E+17
610,1,7.21E+17
611,1,7.21E+17
612,1,7.21E+17
613,1,7.21E+17
614,1,7.21E+17
615,1,7.21E+17
616,1,7.21E+17
617,1,7.21E+17
618,0,7.21E+17
619,1,7.21E+17
620,0,7.21E+17
621,1,7.21E+17
622,0,7.21E+17
623,1,7.21E+17
624,1,7.21E+17
625,1,7.21E+17
626,0,7.21E+17
627,0,7.21E+17
628,1,7.21E+17
629,1,7.21E+17
630,0,7.21E+17
631,0,7.21E+17
632,0,7.21E+17
633,1,7.21E+17
634,0,7.21E+17
635,0,7.21E+17
636,1,7.21E+17
637,1,7.21E+17
638,0,7.21E+17
639,1,7.21E+17
640,1,7.21E+17
641,0,7.21E+17
642,1,7.21E+17
643,1,7.21E+17
644,0,7.21E+17
645,0,7.21E+17
646,0,7.21E+17
647,1,7.21E+17
648,1,7.21E+17
649,1,7.21E+17
650,1,7.21E+17
651,0,7.21E+17
652,0,7.21E+17
653,1,7.21E+17
654,0,7.21E+17
655,1,7.21E+17
656,1,7.21E+17
657,0,7.21E+17
658,1,7.21E+17
659,1,7.21E+17
660,1,7.21E+17
661,1,7.21E+17
662,1,7.21E+17
663,1,7.21E+17
664,1,7.21E+17
665,1,7.21E+17
666,1,7.21E+17
667,0,7.21E+17
668,0,7.21E+17
669,1,7.21E+17
670,1,7.21E+17
671,0,7.21E+17
672,1,7.21E+17
673,0,7.21E+17
674,1,7.21E+17
675,1,7.21E+17
676,1,7.21E+17
677,1,7.21E+17
678,1,7.21E+17
679,1,7.21E+17
680,1,7.21E+17
681,1,7.21E+17
682,0,7.21E+17
683,1,7.21E+17
684,0,7.21E+17
685,0,7.21E+17
686,0,7.21E+17
687,1,7.21E+17
688,1,7.21E+17
689,0,7.21E+17
690,0,7.21E+17
691,0,7.21E+17
692,1,7.21E+17
693,0,7.21E+17
694,1,7.21E+17
695,0,7.21E+17
696,0,7.21E+17
697,0,7.21E+17
698,0,7.21E+17
699,1,7.21E+17
700,0,7.21E+17
701,0,7.21E+17
702,0,7.21E+17
703,1,7.21E+17
704,1,7.21E+17
705,0,7.21E+17
706,1,7.21E+17
707,0,7.21E+17
708,0,7.21E+17
709,1,7.21E+17
710,0,7.21E+17
711,1,7.21E+17
712,0,7.21E+17
713,1,7.21E+17
714,1,7.21E+17
715,0,7.21E+17
716,0,7.21E+17
717,0,7.21E+17
718,1,7.21E+17
719,0,7.21E+17
720,0,7.21E+17
721,0,7.21E+17
722,1,7.21E+17
723,1,7.21E+17
724,0,7.21E+17
725,1,7.21E+17
726,0,7.21E+17
727,1,7.21E+17
728,0,7.21E+17
729,0,7.21E+17
730,1,7.21E+17
731,1,7.21E+17
732,1,7.21E+17
733,1,7.21E+17
734,0,7.21E+17
735,0,7.21E+17
736,0,7.21E+17
737,1,7.21E+17
738,1,7.21E+17
739,1,7.21E+17
740,1,7.21E+17
741,1,7.21E+17
742,0,7.21E+17
743,0,7.21E+17
744,0,7.21E+17
745,0,7.21E+17
746,1,7.21E+17
747,0,7.21E+17
748,0,7.21E+17
749,0,7.21E+17
750,0,7.21E+17
751,0,7.21E+17
752,1,7.21E+17
753,0,7.21E+17
754,0,7.21E+17
755,0,7.21E+17
756,0,7.21E+17
757,1,7.21E+17
758,0,7.21E+17
759,1,7.21E+17
760,0,7.21E+17
761,1,7.21E+17
762,0,7.21E+17
763,1,7.21E+17
764,1,7.21E+17
765,0,7.21E+17
766,0,7.21E+17
767,0,7.21E+17
768,0,7.21E+17
769,0,7.21E+17
770,0,7.21E+17
771,0,7.21E+17
772,1,7.21E+17
773,0,7.21E+17
774,1,7.21E+17
775,1,7.21E+17
776,0,7.21E+17
777,0,7.21E+17
778,1,7.21E+17
779,1,7.21E+17
780,0,7.21E+17
781,0,7.21E+17
782,0,7.21E+17
783,0,7.21E+17
784,1,7.21E+17
785,0,7.21E+17
786,0,7.21E+17
787,1,7.21E+17
788,0,7.21E+17
789,0,7.21E+17
790,1,7.21E+17
791,1,7.21E+17
792,1,7.21E+17
793,0,7.21E+17
794,0,7.21E+17
795,0,7.21E+17
796,1,7.21E+17
797,1,7.21E+17
798,0,7.21E+17
799,0,7.21E+17
800,0,7.21E+17
801,1,7.21E+17
802,0,7.21E+17
803,0,7.21E+17
804,0,7.21E+17
805,0,7.21E+17
806,1,7.21E+17
807,0,7.21E+17
808,0,7.21E+17
809,0,7.21E+17
810,1,7.21E+17
811,0,7.21E+17
812,0,7.21E+17
813,0,7.21E+17
814,0,7.21E+17
815,1,7.21E+17
816,1,7.21E+17
817,1,7.21E+17
818,1,7.21E+17
819,0,7.21E+17
820,0,7.21E+17
821,1,7.21E+17
822,0,7.21E+17
823,0,7.21E+17
824,1,7.21E+17
825,1,7.21E+17
826,0,7.21E+17
827,1,7.21E+17
828,1,7.21E+17
829,0,7.21E+17
830,1,7.21E+17
831,0,7.21E+17
832,1,7.21E+17
833,1,7.21E+17
834,1,7.21E+17
835,1,7.21E+17
836,0,7.21E+17
837,0,7.21E+17
838,0,7.21E+17
839,1,7.21E+17
840,0,7.21E+17
841,0,7.21E+17
842,1,7.21E+17
843,0,7.21E+17
844,0,7.21E+17
845,1,7.21E+17
846,0,7.21E+17
847,0,7.21E+17
848,0,7.21E+17
849,1,7.21E+17
850,0,7.21E+17
851,0,7.21E+17
852,0,7.21E+17
853,0,7.21E+17
854,1,7.21E+17
855,1,7.21E+17
856,0,7.21E+17
857,1,7.21E+17
858,1,7.21E+17
859,1,7.21E+17
860,1,7.21E+17
861,1,7.21E+17
862,1,7.21E+17
863,0,7.21E+17
864,1,7.21E+17
865,0,7.21E+17
866,0,7.21E+17
867,0,7.21E+17
868,0,7.21E+17
869,0,7.21E+17
870,0,7.21E+17
871,0,7.21E+17
872,1,7.21E+17
873,0,7.21E+17
874,0,7.21E+17
875,1,7.21E+17
876,0,7.21E+17
877,0,7.21E+17
878,1,7.21E+17
879,1,7.21E+17
880,0,7.21E+17
881,1,7.21E+17
882,1,7.21E+17
883,0,7.21E+17
884,0,7.21E+17
885,1,7.21E+17
886,1,7.21E+17
887,1,7.21E+17
888,0,7.21E+17
889,0,7.21E+17
890,1,7.21E+17
891,0,7.21E+17
892,0,7.21E+17
893,0,7.21E+17
894,0,7.21E+17
895,1,7.21E+17
896,0,7.21E+17
897,1,7.21E+17
898,1,7.21E+17
899,1,7.21E+17
900,1,7.21E+17
901,1,7.21E+17
902,1,7.21E+17
903,1,7.21E+17
904,0,7.21E+17
905,1,7.21E+17
906,1,7.21E+17
907,1,7.21E+17
908,0,7.21E+17
909,0,7.21E+17
910,0,7.21E+17
911,1,7.21E+17
912,1,7.21E+17
913,0,7.21E+17
914,0,7.21E+17
915,0,7.21E+17
916,1,7.21E+17
917,1,7.21E+17
918,1,7.21E+17
919,1,7.21E+17
920,1,7.21E+17
921,0,7.21E+17
922,0,7.21E+17
923,1,7.21E+17
924,0,7.21E+17
925,0,7.21E+17
926,1,7.21E+17
927,0,7.21E+17
928,0,7.21E+17
929,1,7.21E+17
930,1,7.21E+17
931,0,7.21E+17
932,0,7.21E+17
933,0,7.21E+17
934,0,7.21E+17
935,0,7.21E+17
936,1,7.21E+17
937,1,7.21E+17
938,1,7.21E+17
939,0,7.21E+17
940,1,7.21E+17
941,1,7.21E+17
942,1,7.21E+17
943,0,7.21E+17
944,1,7.21E+17
945,0,7.21E+17
946,1,7.21E+17
947,0,7.21E+17
948,0,7.21E+17
949,1,7.21E+17
950,0,7.21E+17
951,0,7.21E+17
952,1,7.21E+17
953,1,7.21E+17
954,1,7.21E+17
955,1,7.21E+17
956,1,7.21E+17
957,0,7.21E+17
958,0,7.21E+17
959,0,7.21E+17
960,1,7.21E+17
961,0,7.21E+17
962,1,7.21E+17
963,0,7.21E+17
964,0,7.21E+17
965,1,7.21E+17
966,0,7.21E+17
967,1,7.21E+17
968,1,7.21E+17
969,0,7.21E+17
970,0,7.21E+17
971,0,7.21E+17
972,0,7.21E+17
973,0,7.21E+17
974,0,7.21E+17
975,0,7.21E+17
976,1,7.21E+17
977,1,7.21E+17
978,1,7.21E+17
979,0,7.21E+17
980,0,7.21E+17
981,0,7.21E+17
982,1,7.21E+17
983,1,7.21E+17
984,1,7.21E+17
985,1,7.21E+17
986,0,7.21E+17
987,1,7.21E+17
988,1,7.21E+17
989,0,7.21E+17
990,0,7.21E+17
991,0,7.21E+17
992,0,7.21E+17
993,0,7.21E+17
994,1,7.21E+17
995,0,7.21E+17
996,0,7.21E+17
997,1,7.21E+17
998,1,7.21E+17
999,0,7.21E+17
1000,0,7.21E+17
1001,0,7.21E+17
1002,0,7.21E+17
1003,1,7.21E+17
1004,0,7.21E+17
1005,0,7.21E+17
1006,0,7.21E+17
1007,1,7.21E+17
1008,0,7.21E+17
1009,1,7.21E+17
1010,0,7.21E+17
1011,1,7.21E+17
1012,1,7.21E+17
1013,1,7.21E+17
1014,1,7.21E+17
1015,1,7.21E+17
1016,1,7.21E+17
1017,1,7.21E+17
1018,0,7.21E+17
1019,0,7.21E+17
1020,0,7.21E+17
1021,1,7.21E+17
1022,0,7.21E+17
1023,0,7.21E+17
1024,0,7.21E+17
1025,0,7.21E+17
1026,0,7.21E+17
1027,0,7.21E+17
1028,0,7.21E+17
1029,1,7.21E+17
1030,0,7.21E+17
1031,0,7.21E+17
1032,0,7.21E+17
1033,0,7.21E+17
1034,1,7.21E+17
1035,0,7.21E+17
1036,0,7.21E+17
1037,1,7.21E+17
1038,1,7.21E+17
1039,0,7.21E+17
1040,1,7.21E+17
1041,1,7.21E+17
1042,1,7.21E+17
1043,0,7.21E+17
1044,1,7.21E+17
1045,1,7.21E+17
1046,1,7.21E+17
1047,1,7.21E+17
1048,1,7.21E+17
1049,1,7.21E+17
1050,1,7.21E+17
1051,1,7.21E+17
1052,0,7.21E+17
1053,1,7.21E+17
1054,0,7.21E+17
1055,0,7.21E+17
1056,0,7.21E+17
1057,1,7.21E+17
1058,1,7.21E+17
1059,1,7.21E+17
1060,0,7.21E+17
1061,1,7.21E+17
1062,0,7.21E+17
1063,0,7.21E+17
1064,0,7.21E+17
1065,1,7.21E+17
1066,1,7.21E+17
1067,0,7.21E+17
1068,1,7.21E+17
1069,1,7.21E+17
1070,0,7.21E+17
1071,1,7.21E+17
1072,0,7.21E+17
1073,1,7.21E+17
1074,1,7.21E+17
1075,0,7.21E+17
1076,0,7.21E+17
1077,1,7.21E+17
1078,1,7.21E+17
1079,0,7.21E+17
1080,1,7.21E+17
1081,0,7.21E+17
1082,1,7.21E+17
1083,0,7.21E+17
1084,1,7.21E+17
1085,1,7.21E+17
1086,1,7.21E+17
1087,1,7.21E+17
1088,1,7.21E+17
1089,1,7.21E+17
1090,0,7.21E+17
1091,1,7.21E+17
1092,1,7.21E+17
1093,1,7.21E+17
1094,0,7.21E+17
1095,0,7.21E+17
1096,1,7.21E+17
1097,0,7.21E+17
1098,1,7.21E+17
1099,1,7.21E+17
1100,1,7.21E+17
1101,1,7.21E+17
1102,1,7.21E+17
1103,1,7.21E+17
1104,1,7.21E+17
1105,1,7.21E+17
1106,1,7.21E+17
1107,1,7.21E+17
1108,1,7.21E+17
1109,1,7.21E+17
1110,0,7.21E+17
1111,0,7.21E+17
1112,0,7.21E+17
1113,0,7.21E+17
1114,0,7.21E+17
1115,0,7.21E+17
1116,0,7.21E+17
1117,0,7.21E+17
1118,1,7.21E+17
1119,1,7.21E+17
1120,0,7.21E+17
1121,0,7.21E+17
1122,1,7.21E+17
1123,1,7.21E+17
1124,1,7.21E+17
1125,0,7.21E+17
1126,0,7.21E+17
1127,0,7.21E+17
1128,0,7.21E+17
1129,0,7.21E+17
1130,1,7.21E+17
1131,0,7.21E+17
1132,1,7.21E+17
1133,0,7.21E+17
1134,1,7.21E+17
1135,1,7.21E+17
1136,1,7.21E+17
1137,1,7.21E+17
1138,1,7.21E+17
1139,0,7.21E+17
1140,0,7.21E+17
1141,0,7.21E+17
1142,1,7.21E+17
1143,0,7.21E+17
1144,1,7.21E+17
1145,1,7.21E+17
1146,0,7.21E+17
1147,0,7.21E+17
1148,0,7.21E+17
1149,0,7.21E+17
1150,0,7.21E+17
1151,0,7.21E+17
1152,1,7.21E+17
1153,1,7.21E+17
1154,1,7.21E+17
1155,0,7.21E+17
1156,0,7.21E+17
1157,0,7.21E+17
1158,1,7.21E+17
1159,0,7.21E+17
1160,0,7.21E+17
1161,0,7.21E+17
1162,0,7.21E+17
1163,0,7.21E+17
1164,0,7.21E+17
1165,1,7.21E+17
1166,1,7.21E+17
1167,1,7.21E+17
1168,1,7.21E+17
1169,0,7.21E+17
1170,0,7.21E+17
1171,0,7.21E+17
1172,1,7.21E+17
1173,1,7.21E+17
1174,0,7.21E+17
1175,0,7.21E+17
1176,0,7.21E+17
1177,1,7.21E+17
1178,1,7.21E+17
1179,0,7.21E+17
1180,0,7.21E+17
1181,0,7.21E+17
1182,0,7.21E+17
1183,0,7.21E+17
1184,0,7.21E+17
1185,1,7.21E+17
1186,1,7.21E+17
1187,1,7.21E+17
1188,1,7.21E+17
1189,0,7.21E+17
1190,1,7.21E+17
1191,0,7.21E+17
1192,0,7.21E+17
1193,0,7.21E+17
1194,0,7.21E+17
1195,0,7.21E+17
1196,0,7.21E+17
1197,1,7.21E+17
1198,1,7.21E+17
1199,1,7.21E+17
1200,1,7.21E+17
1201,1,7.21E+17
1202,0,7.21E+17
1203,0,7.21E+17
1204,1,7.21E+17
1205,1,7.21E+17
1206,0,7.21E+17
1207,1,7.21E+17
1208,1,7.21E+17
1209,0,7.21E+17
1210,0,7.21E+17
1211,0,7.21E+17
1212,1,7.21E+17
1213,1,7.21E+17
1214,0,7.21E+17
1215,1,7.21E+17
1216,1,7.21E+17
1217,1,7.21E+17
1218,1,7.21E+17
1219,1,7.21E+17
1220,0,7.21E+17
1221,0,7.21E+17
1222,1,7.21E+17
1223,0,7.21E+17
1224,0,7.21E+17
1225,1,7.21E+17
1226,0,7.21E+17
1227,1,7.21E+17
1228,0,7.21E+17
1229,0,7.21E+17
1230,1,7.21E+17
1231,1,7.21E+17
1232,0,7.21E+17
1233,0,7.21E+17
1234,0,7.21E+17
1235,0,7.21E+17
1236,1,7.21E+17
1237,1,7.21E+17
1238,1,7.21E+17
1239,1,7.21E+17
1240,0,7.21E+17
1241,1,7.21E+17
1242,0,7.21E+17
1243,1,7.21E+17
1244,1,7.21E+17
1245,1,7.21E+17
1246,0,7.21E+17
1247,0,7.21E+17
1248,1,7.21E+17
1249,0,7.21E+17
1250,1,7.21E+17
1251,0,7.21E+17
1252,1,7.21E+17
1253,1,7.21E+17
1254,1,7.21E+17
1255,1,7.21E+17
1256,0,7.21E+17
1257,0,7.21E+17
1258,0,7.21E+17
1259,0,7.21E+17
1260,0,7.21E+17
1261,1,7.21E+17
1262,0,7.21E+17
1263,1,7.21E+17
1264,0,7.21E+17
1265,1,7.21E+17
1266,1,7.21E+17
1267,1,7.21E+17
1268,0,7.21E+17
1269,0,7.21E+17
1270,1,7.21E+17
1271,1,7.21E+17
1272,1,7.21E+17
1273,0,7.21E+17
1274,1,7.21E+17
1275,1,7.21E+17
1276,1,7.21E+17
1277,1,7.21E+17
1278,1,7.21E+17
1279,0,7.21E+17
1280,1,7.21E+17
1281,0,7.21E+17
1282,1,7.21E+17
1283,1,7.21E+17
1284,0,7.21E+17
1285,1,7.21E+17
1286,1,7.21E+17
1287,1,7.21E+17
1288,1,7.21E+17
1289,1,7.21E+17
1290,1,7.21E+17
1291,0,7.21E+17
1292,1,7.21E+17
1293,1,7.21E+17
1294,1,7.21E+17
1295,0,7.21E+17
1296,0,7.21E+17
1297,0,7.21E+17
1298,0,7.21E+17
1299,1,7.21E+17
1300,0,7.21E+17
1301,0,7.21E+17
1302,1,7.21E+17
1303,1,7.21E+17
1304,0,7.21E+17
1305,0,7.21E+17
1306,0,7.21E+17
1307,0,7.21E+17
1308,0,7.21E+17
1309,0,7.21E+17
1310,1,7.21E+17
1311,0,7.21E+17
1312,1,7.21E+17
1313,1,7.21E+17
1314,1,7.21E+17
1315,1,7.21E+17
1316,0,7.21E+17
1317,0,7.21E+17
1318,1,7.21E+17
1319,0,7.21E+17
1320,1,7.21E+17
1321,0,7.21E+17
1322,0,7.21E+17
1323,0,7.21E+17
1324,1,7.21E+17
1325,0,7.21E+17
1326,0,7.21E+17
1327,0,7.21E+17
1328,1,7.21E+17
1329,0,7.21E+17
1330,0,7.21E+17
1331,1,7.21E+17
1332,0,7.21E+17
1333,1,7.21E+17
1334,1,7.21E+17
1335,1,7.21E+17
1336,0,7.21E+17
1337,0,7.21E+17
1338,0,7.21E+17
1339,1,7.21E+17
1340,1,7.21E+17
1341,0,7.21E+17
1342,1,7.21E+17
1343,0,7.21E+17
1344,0,7.21E+17
1345,0,7.21E+17
1346,0,7.21E+17
1347,0,7.21E+17
1348,1,7.21E+17
1349,0,7.21E+17
1350,1,7.21E+17
1351,0,7.21E+17
1352,0,7.21E+17
1353,1,7.21E+17
1354,0,7.21E+17
1355,1,7.21E+17
1356,1,7.21E+17
1357,1,7.21E+17
1358,1,7.21E+17
1359,0,7.21E+17
1360,0,7.21E+17
1361,1,7.21E+17
1362,0,7.21E+17
1363,0,7.21E+17
1364,1,7.21E+17
1365,1,7.21E+17
1366,1,7.21E+17
1367,1,7.21E+17
1368,1,7.21E+17
1369,1,7.21E+17
1370,1,7.21E+17
1371,0,7.21E+17
1372,0,7.21E+17
1373,1,7.21E+17
1374,1,7.21E+17
1375,0,7.21E+17
1376,0,7.21E+17
1377,0,7.21E+17
1378,0,7.21E+17
1379,0,7.21E+17
1380,0,7.21E+17
1381,0,7.21E+17
1382,0,7.21E+17
1383,1,7.21E+17
1384,1,7.21E+17
1385,1,7.21E+17
1386,0,7.21E+17
1387,0,7.21E+17
1388,1,7.21E+17
1389,0,7.21E+17
1390,0,7.21E+17
1391,0,7.21E+17
1392,1,7.21E+17
1393,0,7.21E+17
1394,0,7.21E+17
1395,1,7.21E+17
1396,1,7.21E+17
1397,1,7.21E+17
1398,0,7.21E+17
1399,0,7.21E+17
1400,1,7.21E+17
1401,1,7.21E+17
1402,1,7.21E+17
1403,1,7.21E+17
1404,1,7.21E+17
1405,0,7.21E+17
1406,1,7.21E+17
1407,0,7.21E+17
1408,1,7.21E+17
1409,0,7.21E+17
1410,1,7.21E+17
1411,1,7.21E+17
1412,1,7.21E+17
1413,1,7.21E+17
1414,0,7.21E+17
1415,1,7.21E+17
1416,1,7.21E+17
1417,1,7.21E+17
1418,0,7.21E+17
1419,1,7.21E+17
1420,1,7.21E+17
1421,0,7.21E+17
1422,0,7.21E+17
1423,0,7.21E+17
1424,1,7.21E+17
1425,1,7.21E+17
1426,0,7.21E+17
1427,0,7.21E+17
1428,0,7.21E+17
1429,0,7.21E+17
1430,0,7.21E+17
1431,0,7.21E+17
1432,0,7.21E+17
1433,0,7.21E+17
1434,1,7.21E+17
1435,1,7.21E+17
1436,1,7.21E+17
1437,1,7.21E+17
1438,1,7.21E+17
1439,0,7.21E+17
1440,0,7.21E+17
1441,1,7.21E+17
1442,0,7.21E+17
1443,1,7.21E+17
1444,1,7.21E+17
1445,0,7.21E+17
1446,0,7.21E+17
1447,1,7.21E+17
1448,1,7.21E+17
1449,1,7.21E+17
1450,1,7.21E+17
1451,1,7.21E+17
1452,0,7.21E+17
1453,1,7.21E+17
1454,0,7.21E+17
1455,1,7.21E+17
1456,0,7.21E+17
1457,1,7.21E+17
1458,1,7.21E+17
1459,0,7.21E+17
1460,0,7.21E+17
1461,0,7.21E+17
1462,1,7.21E+17
1463,1,7.21E+17
1464,0,7.21E+17
1465,0,7.21E+17
1466,0,7.21E+17
1467,0,7.21E+17
1468,1,7.21E+17
1469,1,7.21E+17
1470,1,7.21E+17
1471,1,7.21E+17
1472,1,7.21E+17
1473,0,7.21E+17
1474,0,7.21E+17
1475,0,7.21E+17
1476,0,7.21E+17
1477,1,7.21E+17
1478,1,7.21E+17
1479,0,7.21E+17
1480,1,7.21E+17
1481,1,7.21E+17
1482,1,7.21E+17
1483,1,7.21E+17
1484,0,7.21E+17
1485,0,7.21E+17
1486,1,7.21E+17
1487,1,7.21E+17
1488,1,7.21E+17
1489,0,7.21E+17
1490,1,7.21E+17
1491,1,7.21E+17
1492,0,7.21E+17
1493,0,7.21E+17
1494,0,7.21E+17
1495,0,7.21E+17
1496,0,7.21E+17
1497,0,7.21E+17
1498,0,7.21E+17
1499,0,7.21E+17
1500,0,7.21E+17
1501,1,7.21E+17
1502,1,7.21E+17
1503,1,7.21E+17
1504,1,7.21E+17
1505,0,7.21E+17
1506,1,7.21E+17
1507,1,7.21E+17
1508,0,7.21E+17
1509,0,7.21E+17
1510,1,7.21E+17
1511,1,7.21E+17
1512,1,7.21E+17
1513,1,7.21E+17
1514,1,7.21E+17
1515,0,7.21E+17
1516,1,7.21E+17
1517,0,7.21E+17
1518,1,7.21E+17
1519,1,7.21E+17
1520,0,7.21E+17
1521,0,7.21E+17
1522,0,7.21E+17
1523,0,7.21E+17
1524,1,7.21E+17
1525,0,7.21E+17
1526,1,7.21E+17
1527,1,7.21E+17
1528,1,7.21E+17
1529,1,7.21E+17
1530,1,7.21E+17
1531,0,7.21E+17
1532,0,7.21E+17
1533,1,7.21E+17
1534,0,7.21E+17
1535,1,7.21E+17
1536,1,7.21E+17
1537,1,7.21E+17
1538,1,7.21E+17
1539,1,7.21E+17
1540,1,7.21E+17
1541,0,7.21E+17
1542,0,7.21E+17
1543,1,7.21E+17
1544,1,7.21E+17
1545,0,7.21E+17
1546,0,7.21E+17
1547,1,7.21E+17
1548,1,7.21E+17
1549,0,7.21E+17
1550,0,7.21E+17
1551,1,7.21E+17
1552,0,7.21E+17
1553,0,7.21E+17
1554,0,7.21E+17
1555,0,7.21E+17
1556,0,7.21E+17
1557,0,7.21E+17
1558,0,7.21E+17
1559,0,7.21E+17
1560,0,7.21E+17
1561,0,7.21E+17
1562,0,7.21E+17
1563,1,7.21E+17
1564,0,7.21E+17
1565,1,7.21E+17
1566,0,7.21E+17
1567,0,7.21E+17
1568,0,7.21E+17
1569,0,7.21E+17
1570,1,7.21E+17
1571,1,7.21E+17
1572,0,7.21E+17
1573,0,7.21E+17
1574,0,7.21E+17
1575,0,7.21E+17
1576,0,7.21E+17
1577,1,7.21E+17
1578,0,7.21E+17
1579,0,7.21E+17
1580,0,7.21E+17
1581,0,7.21E+17
1582,0,7.21E+17
1583,0,7.21E+17
1584,1,7.21E+17
1585,1,7.21E+17
1586,0,7.21E+17
1587,1,7.21E+17
1588,0,7.21E+17
1589,1,7.21E+17
1590,0,7.21E+17
1591,0,7.21E+17
1592,1,7.21E+17
1593,0,7.21E+17
1594,1,7.21E+17
1595,0,7.21E+17
1596,1,7.21E+17
1597,1,7.21E+17
1598,1,7.21E+17
1599,0,7.21E+17
1600,1,7.21E+17
1601,0,7.21E+17
1602,0,7.21E+17
1603,0,7.21E+17
1604,0,7.21E+17
1605,0,7.21E+17
1606,1,7.21E+17
1607,1,7.21E+17
1608,1,7.21E+17
1609,0,7.21E+17
1610,0,7.21E+17
1611,1,7.21E+17
1612,0,7.21E+17
1613,0,7.21E+17
1614,0,7.21E+17
1615,0,7.21E+17
1616,1,7.21E+17
1617,1,7.21E+17
1618,0,7.21E+17
1619,0,7.21E+17
1620,1,7.21E+17
1621,1,7.21E+17
1622,0,7.21E+17
1623,1,7.21E+17
1624,1,7.21E+17
1625,1,7.21E+17
1626,0,7.21E+17
1627,0,7.21E+17
1628,0,7.21E+17
1629,1,7.21E+17
1630,1,7.21E+17
1631,0,7.21E+17
1632,0,7.21E+17
1633,0,7.21E+17
1634,0,7.21E+17
1635,0,7.21E+17
1636,1,7.21E+17
1637,1,7.21E+17
1638,0,7.21E+17
1639,0,7.21E+17
1640,0,7.21E+17
1641,0,7.21E+17
1642,0,7.21E+17
1643,0,7.21E+17
1644,0,7.21E+17
1645,0,7.21E+17
1646,0,7.21E+17
1647,0,7.21E+17
1648,0,7.21E+17
1649,0,7.21E+17
1650,0,7.21E+17
1651,0,7.21E+17
1652,0,7.21E+17
1653,0,7.21E+17
1654,0,7.21E+17
1655,0,7.21E+17
1656,0,7.21E+17
1657,0,7.21E+17
1658,0,7.21E+17
1659,0,7.21E+17
1660,0,7.21E+17
1661,0,7.21E+17
1662,0,7.21E+17
1663,0,7.21E+17
1664,0,7.21E+17
1665,0,7.21E+17
1666,0,7.21E+17
1667,0,7.21E+17
1668,0,7.21E+17
1669,0,7.21E+17
1670,0,7.21E+17
1671,0,7.21E+17
1672,0,7.21E+17
1673,0,7.21E+17
1674,0,7.21E+17
1675,0,7.21E+17
1676,0,7.21E+17
1677,1,7.21E+17
1678,1,7.21E+17
1679,1,7.21E+17
1680,0,7.21E+17
1681,0,7.21E+17
1682,0,7.21E+17
1683,0,7.21E+17
1684,1,7.21E+17
1685,1,7.21E+17
1686,0,7.21E+17
1687,0,7.21E+17
1688,1,7.21E+17
1689,0,7.21E+17
1690,1,7.21E+17
1691,0,7.21E+17
1692,0,7.21E+17
1693,0,7.21E+17
1694,1,7.21E+17
1695,1,7.21E+17
1696,1,7.21E+17
1697,1,7.21E+17
1698,0,7.21E+17
1699,0,7.21E+17
1700,0,7.21E+17
1701,0,7.21E+17
1702,1,7.21E+17
1703,1,7.21E+17
1704,0,7.21E+17
1705,0,7.21E+17
1706,0,7.21E+17
1707,0,7.21E+17
1708,1,7.21E+17
1709,1,7.21E+17
1710,1,7.21E+17
1711,1,7.21E+17
1712,1,7.21E+17
1713,1,7.21E+17
1714,0,7.21E+17
1715,1,7.21E+17
1716,1,7.21E+17
1717,1,7.21E+17
1718,1,7.21E+17
1719,0,7.21E+17
1720,1,7.21E+17
1721,1,7.21E+17
1722,1,7.21E+17
1723,1,7.21E+17
1724,1,7.21E+17
1725,0,7.21E+17
1726,0,7.21E+17
1727,0,7.21E+17
1728,1,7.21E+17
1729,1,7.21E+17
1730,1,7.21E+17
1731,1,7.21E+17
1732,0,7.21E+17
1733,1,7.21E+17
1734,1,7.21E+17
1735,0,7.21E+17
1736,1,7.21E+17
1737,1,7.21E+17
1738,1,7.21E+17
1739,1,7.21E+17
1740,1,7.21E+17
1741,1,7.21E+17
1742,1,7.21E+17
1743,1,7.21E+17
1744,1,7.21E+17
1745,1,7.21E+17
1746,1,7.21E+17
1747,1,7.21E+17
1748,1,7.21E+17
1749,0,7.21E+17
1750,1,7.21E+17
1751,1,7.21E+17
1752,1,7.21E+17
1753,1,7.21E+17
1754,1,7.21E+17
1755,1,7.21E+17
1756,0,7.21E+17
1757,1,7.21E+17
1758,1,7.21E+17
1759,1,7.21E+17
1760,1,7.21E+17
1761,1,7.21E+17
1762,1,7.21E+17
1763,1,7.21E+17
1764,0,7.21E+17
1765,0,7.21E+17
1766,0,7.21E+17
1767,0,7.21E+17
1768,1,7.21E+17
1769,0,7.21E+17
1770,1,7.21E+17
1771,0,7.21E+17
1772,0,7.21E+17
1773,1,7.21E+17
1774,0,7.21E+17
1775,1,7.21E+17
1776,1,7.21E+17
1777,1,7.21E+17
1778,1,7.21E+17
1779,1,7.21E+17
1780,1,7.21E+17
1781,1,7.21E+17
1782,0,7.21E+17
1783,0,7.21E+17
1784,1,7.21E+17
1785,1,7.21E+17
1786,0,7.21E+17
1787,1,7.21E+17
1788,1,7.21E+17
1789,1,7.21E+17
1790,1,7.21E+17
1791,1,7.21E+17
1792,1,7.21E+17
1793,1,7.21E+17
1794,1,7.21E+17
1795,1,7.21E+17
1796,1,7.21E+17
1797,1,7.21E+17
1798,1,7.21E+17
1799,1,7.21E+17
1800,1,7.21E+17
1801,1,7.21E+17
1802,1,7.21E+17
1803,1,7.21E+17
1804,1,7.21E+17
1805,1,7.21E+17
1806,1,7.21E+17
1807,1,7.21E+17
1808,1,7.21E+17
1809,1,7.21E+17
1810,1,7.21E+17
1811,1,7.21E+17
1812,1,7.21E+17
1813,1,7.21E+17
1814,0,7.21E+17
1815,0,7.21E+17
1816,0,7.21E+17
1817,1,7.21E+17
1818,1,7.21E+17
1819,1,7.21E+17
1820,1,7.21E+17
1821,0,7.21E+17
1822,1,7.21E+17
1823,1,7.21E+17
1824,1,7.21E+17
1825,1,7.21E+17
1826,0,7.21E+17
1827,1,7.21E+17
1828,1,7.21E+17
1829,1,7.21E+17
1830,1,7.21E+17
1831,0,7.21E+17
1832,1,7.21E+17
1833,0,7.21E+17
1834,1,7.21E+17
1835,0,7.21E+17
1836,0,7.21E+17
1837,0,7.21E+17
1838,1,7.21E+17
1839,1,7.21E+17
1840,1,7.21E+17
1841,1,7.21E+17
1842,1,7.21E+17
1843,1,7.21E+17
1844,1,7.21E+17
1845,0,7.21E+17
1846,1,7.21E+17
1847,0,7.21E+17
1848,0,7.21E+17
1849,1,7.21E+17
1850,0,7.21E+17
1851,1,7.21E+17
1852,1,7.21E+17
1853,1,7.21E+17
1854,0,7.21E+17
1855,1,7.21E+17
1856,1,7.21E+17
1857,1,7.21E+17
1858,1,7.21E+17
1859,1,7.21E+17
1860,1,7.21E+17
1861,1,7.21E+17
1862,1,7.21E+17
1863,1,7.21E+17
1864,1,7.21E+17
1865,1,7.21E+17
1866,1,7.21E+17
1867,1,7.21E+17
1868,1,7.21E+17
1869,1,7.21E+17
1870,1,7.21E+17
1871,1,7.21E+17
1872,1,7.21E+17
1873,1,7.21E+17
1874,1,7.21E+17
1875,1,7.21E+17
1876,1,7.21E+17
1877,0,7.21E+17
1878,1,7.21E+17
1879,1,7.21E+17
1880,1,7.21E+17
1881,1,7.21E+17
1882,1,7.21E+17
1883,1,7.21E+17
1884,1,7.21E+17
1885,1,7.21E+17
1886,0,7.21E+17
1887,0,7.21E+17
1888,1,7.21E+17
1889,0,7.21E+17
1890,0,7.21E+17
1891,0,7.21E+17
1892,1,7.21E+17
1893,1,7.21E+17
1894,0,7.21E+17
1895,1,7.21E+17
1896,1,7.21E+17
1897,1,7.21E+17
1898,1,7.21E+17
1899,0,7.21E+17
1900,0,7.21E+17
1901,1,7.21E+17
1902,1,7.21E+17
1903,1,7.21E+17
1904,0,7.21E+17
1905,1,7.21E+17
1906,1,7.21E+17
1907,0,7.21E+17
1908,1,7.21E+17
1909,1,7.21E+17
1910,0,7.21E+17
1911,0,7.21E+17
1912,1,7.21E+17
1913,0,7.21E+17
1914,0,7.21E+17
1915,1,7.21E+17
1916,1,7.21E+17
1917,1,7.21E+17
1918,1,7.21E+17
1919,1,7.21E+17
1920,1,7.21E+17
1921,1,7.21E+17
1922,1,7.21E+17
1923,1,7.21E+17
1924,1,7.21E+17
1925,1,7.21E+17
1926,1,7.21E+17
1927,0,7.21E+17
1928,1,7.21E+17
1929,0,7.21E+17
1930,0,7.21E+17
1931,0,7.21E+17
1932,1,7.21E+17
1933,1,7.21E+17
1934,0,7.21E+17
1935,0,7.21E+17
1936,1,7.21E+17
1937,1,7.21E+17
1938,1,7.21E+17
1939,1,7.21E+17
1940,1,7.21E+17
1941,1,7.21E+17
1942,1,7.21E+17
1943,0,7.21E+17
1944,0,7.21E+17
1945,0,7.21E+17
1946,1,7.21E+17
1947,1,7.21E+17
1948,1,7.21E+17
1949,1,7.21E+17
1950,1,7.21E+17
1951,1,7.21E+17
1952,1,7.21E+17
1953,1,7.21E+17
1954,0,7.21E+17
1955,0,7.21E+17
1956,0,7.21E+17
1957,0,7.21E+17
1958,0,7.21E+17
1959,1,7.21E+17
1960,1,7.21E+17
1961,0,7.21E+17
1962,1,7.21E+17
1963,0,7.21E+17
1964,0,7.21E+17
1965,1,7.21E+17
1966,0,7.21E+17
1967,0,7.21E+17
1968,0,7.21E+17
1969,0,7.21E+17
1970,0,7.21E+17
1971,0,7.21E+17
1972,1,7.21E+17
1973,1,7.21E+17
1974,0,7.21E+17
1975,0,7.21E+17
1976,1,7.21E+17
1977,0,7.21E+17
1978,1,7.21E+17
1979,0,7.21E+17
1980,1,7.21E+17
1981,1,7.21E+17
1982,0,7.21E+17
1983,0,7.21E+17
1984,1,7.21E+17
1985,0,7.21E+17
1986,0,7.21E+17
1987,1,7.21E+17
1988,1,7.21E+17
1989,1,7.21E+17
1990,1,7.21E+17
1991,0,7.21E+17
1992,0,7.21E+17
1993,1,7.21E+17
1994,0,7.21E+17
1995,1,7.21E+17
1996,0,7.21E+17
1997,0,7.21E+17
1998,1,7.21E+17
1999,0,7.21E+17
2000,0,7.21E+17
2001,1,7.21E+17
2002,0,7.21E+17
2003,0,7.21E+17
2004,0,7.21E+17
2005,0,7.21E+17
2006,0,7.21E+17
2007,1,7.21E+17
2008,0,7.21E+17
2009,1,7.21E+17
2010,1,7.21E+17
2011,0,7.21E+17
2012,1,7.21E+17
2013,0,7.21E+17
2014,1,7.21E+17
2015,1,7.21E+17
2016,0,7.21E+17
2017,0,7.21E+17
2018,1,7.21E+17
2019,1,7.21E+17
2020,0,7.21E+17
2021,0,7.21E+17
2022,0,7.21E+17
2023,0,7.21E+17
2024,0,7.21E+17
2025,0,7.21E+17
2026,0,7.21E+17
2027,1,7.21E+17
2028,1,7.21E+17
2029,0,7.21E+17
2030,1,7.21E+17
2031,0,7.21E+17
2032,0,7.21E+17
2033,1,7.21E+17
2034,0,7.21E+17
2035,0,7.21E+17
2036,1,7.21E+17
2037,0,7.21E+17
2038,0,7.21E+17
2039,1,7.21E+17
2040,1,7.21E+17
2041,0,7.21E+17
2042,0,7.21E+17
2043,1,7.21E+17
2044,1,7.21E+17
2045,0,7.21E+17
2046,1,7.21E+17
2047,1,7.21E+17
2048,0,7.21E+17
2049,0,7.21E+17
2050,0,7.21E+17
2051,0,7.21E+17
2052,0,7.21E+17
2053,0,7.21E+17
2054,0,7.21E+17
2055,0,7.21E+17
2056,0,7.21E+17
2057,0,7.21E+17
2058,0,7.21E+17
2059,1,7.21E+17
2060,1,7.21E+17
2061,1,7.21E+17
2062,0,7.21E+17
2063,0,7.21E+17
2064,0,7.21E+17
2065,0,7.21E+17
2066,0,7.21E+17
2067,1,7.21E+17
2068,0,7.21E+17
2069,0,7.21E+17
2070,0,7.21E+17
2071,0,7.21E+17
2072,1,7.21E+17
2073,1,7.21E+17
2074,0,7.21E+17
2075,0,7.21E+17
2076,1,7.21E+17
2077,1,7.21E+17
2078,1,7.21E+17
2079,0,7.21E+17
2080,0,7.21E+17
2081,0,7.21E+17
2082,0,7.21E+17
2083,1,7.21E+17
2084,1,7.21E+17
2085,0,7.21E+17
2086,0,7.21E+17
2087,0,7.21E+17
2088,1,7.21E+17
2089,0,7.21E+17
2090,0,7.21E+17
2091,1,7.21E+17
2092,1,7.21E+17
2093,0,7.21E+17
2094,1,7.21E+17
2095,1,7.21E+17
2096,1,7.21E+17
2097,1,7.21E+17
2098,0,7.21E+17
2099,0,7.21E+17
2100,0,7.21E+17
2101,0,7.21E+17
2102,0,7.21E+17
2103,0,7.21E+17
2104,0,7.21E+17
2105,0,7.21E+17
2106,1,7.21E+17
2107,0,7.21E+17
2108,0,7.21E+17
2109,0,7.21E+17
2110,1,7.21E+17
2111,0,7.21E+17
2112,1,7.21E+17
2113,0,7.21E+17
2114,1,7.21E+17
2115,1,7.21E+17
2116,1,7.21E+17
2117,1,7.21E+17
2118,1,7.21E+17
2119,1,7.21E+17
2120,1,7.21E+17
2121,0,7.21E+17
2122,1,7.21E+17
2123,0,7.21E+17
2124,1,7.21E+17
2125,0,7.21E+17
2126,1,7.21E+17
2127,0,7.21E+17
2128,0,7.21E+17
2129,0,7.21E+17
2130,0,7.21E+17
2131,1,7.21E+17
2132,1,7.21E+17
2133,1,7.21E+17
2134,1,7.21E+17
2135,1,7.21E+17
2136,1,7.21E+17
2137,1,7.21E+17
2138,0,7.21E+17
2139,1,7.21E+17
2140,0,7.21E+17
2141,0,7.21E+17
2142,0,7.21E+17
2143,1,7.21E+17
2144,0,7.21E+17
2145,0,7.21E+17
2146,0,7.21E+17
2147,0,7.21E+17
2148,0,7.21E+17
2149,1,7.21E+17
2150,1,7.21E+17
2151,0,7.21E+17
2152,0,7.21E+17
2153,0,7.21E+17
2154,0,7.21E+17
2155,0,7.21E+17
2156,0,7.21E+17
2157,0,7.21E+17
2158,1,7.21E+17
2159,0,7.21E+17
2160,1,7.21E+17
2161,1,7.21E+17
2162,0,7.21E+17
2163,1,7.21E+17
2164,1,7.21E+17
2165,0,7.21E+17
2166,0,7.21E+17
2167,1,7.21E+17
2168,1,7.21E+17
2169,0,7.21E+17
2170,0,7.21E+17
2171,0,7.21E+17
2172,0,7.21E+17
2173,1,7.21E+17
2174,0,7.21E+17
2175,1,7.21E+17
2176,1,7.21E+17
2177,0,7.21E+17
2178,0,7.21E+17
2179,0,7.21E+17
2180,1,7.21E+17
2181,0,7.21E+17
2182,0,7.21E+17
2183,0,7.21E+17
2184,0,7.21E+17
2185,0,7.21E+17
2186,0,7.21E+17
2187,0,7.21E+17
2188,0,7.21E+17
2189,0,7.21E+17
2190,1,7.21E+17
2191,0,7.21E+17
2192,1,7.21E+17
2193,1,7.21E+17
2194,1,7.21E+17
2195,1,7.21E+17
2196,1,7.21E+17
2197,1,7.21E+17
2198,0,7.21E+17
2199,1,7.21E+17
2200,1,7.21E+17
2201,1,7.21E+17
2202,1,7.21E+17
2203,1,7.21E+17
2204,0,7.21E+17
2205,0,7.21E+17
2206,0,7.21E+17
2207,0,7.21E+17
2208,0,7.21E+17
2209,0,7.21E+17
2210,0,7.21E+17
2211,0,7.21E+17
2212,1,7.21E+17
2213,1,7.21E+17
2214,1,7.21E+17
2215,0,7.21E+17
2216,0,7.21E+17
2217,0,7.21E+17
2218,0,7.21E+17
2219,0,7.21E+17
2220,0,7.21E+17
2221,0,7.21E+17
2222,0,7.21E+17
2223,1,7.21E+17
2224,0,7.21E+17
2225,1,7.21E+17
2226,1,7.21E+17
2227,1,7.21E+17
2228,1,7.21E+17
2229,1,7.21E+17
2230,1,7.21E+17
2231,0,7.21E+17
2232,1,7.21E+17
2233,1,7.21E+17
2234,0,7.21E+17
2235,0,7.21E+17
2236,0,7.21E+17
2237,0,7.21E+17
2238,0,7.21E+17
2239,1,7.21E+17
2240,0,7.21E+17
2241,1,7.21E+17
2242,0,7.21E+17
2243,1,7.21E+17
2244,0,7.21E+17
2245,0,7.21E+17
2246,1,7.21E+17
2247,1,7.21E+17
2248,0,7.21E+17
2249,1,7.21E+17
2250,0,7.21E+17
2251,0,7.21E+17
2252,0,7.21E+17
2253,0,7.21E+17
2254,0,7.21E+17
2255,0,7.21E+17
2256,1,7.21E+17
2257,1,7.21E+17
2258,1,7.21E+17
2259,0,7.21E+17
2260,1,7.21E+17
2261,1,7.21E+17
2262,1,7.21E+17
2263,1,7.21E+17
2264,1,7.21E+17
2265,0,7.21E+17
2266,1,7.21E+17
2267,0,7.21E+17
2268,1,7.21E+17
2269,0,7.21E+17
2270,1,7.21E+17
2271,0,7.21E+17
2272,1,7.21E+17
2273,1,7.21E+17
2274,0,7.21E+17
2275,0,7.21E+17
2276,0,7.21E+17
2277,1,7.21E+17
2278,0,7.21E+17
2279,1,7.21E+17
2280,1,7.21E+17
2281,1,7.21E+17
2282,0,7.21E+17
2283,0,7.21E+17
2284,0,7.21E+17
2285,1,7.21E+17
2286,1,7.21E+17
2287,1,7.21E+17
2288,0,7.21E+17
2289,1,7.21E+17
2290,0,7.21E+17
2291,1,7.21E+17
2292,0,7.21E+17
2293,0,7.21E+17
2294,1,7.21E+17
2295,1,7.21E+17
2296,0,7.21E+17
2297,0,7.21E+17
2298,0,7.21E+17
2299,0,7.21E+17
2300,0,7.21E+17
2301,0,7.21E+17
2302,0,7.21E+17
2303,1,7.21E+17
2304,0,7.21E+17
2305,0,7.21E+17
2306,0,7.21E+17
2307,1,7.21E+17
2308,1,7.21E+17
2309,0,7.21E+17
2310,0,7.21E+17
2311,1,7.21E+17
2312,1,7.21E+17
2313,1,7.21E+17
2314,0,7.21E+17
2315,0,7.21E+17
2316,0,7.21E+17
2317,1,7.21E+17
2318,1,7.21E+17
2319,0,7.21E+17
2320,0,7.21E+17
2321,0,7.21E+17
2322,0,7.21E+17
2323,0,7.21E+17
2324,1,7.21E+17
2325,0,7.21E+17
2326,0,7.21E+17
2327,0,7.21E+17
2328,1,7.21E+17
2329,0,7.21E+17
2330,1,7.21E+17
2331,1,7.21E+17
2332,1,7.21E+17
2333,0,7.21E+17
2334,0,7.21E+17
2335,0,7.21E+17
2336,1,7.21E+17
2337,0,7.21E+17
2338,1,7.21E+17
2339,0,7.21E+17
2340,0,7.21E+17
2341,0,7.21E+17
2342,1,7.21E+17
2343,0,7.21E+17
2344,1,7.21E+17
2345,1,7.21E+17
2346,1,7.21E+17
2347,1,7.21E+17
2348,1,7.21E+17
2349,1,7.21E+17
2350,0,7.21E+17
2351,1,7.21E+17
2352,1,7.21E+17
2353,0,7.21E+17
2354,1,7.21E+17
2355,0,7.21E+17
2356,0,7.21E+17
2357,0,7.21E+17
2358,1,7.21E+17
2359,1,7.21E+17
2360,0,7.21E+17
2361,0,7.21E+17
2362,1,7.21E+17
2363,0,7.21E+17
2364,0,7.21E+17
2365,1,7.21E+17
2366,1,7.21E+17
2367,1,7.21E+17
2368,1,7.21E+17
2369,1,7.21E+17
2370,0,7.21E+17
2371,1,7.21E+17
2372,0,7.21E+17
2373,1,7.21E+17
2374,0,7.21E+17
2375,0,7.21E+17
2376,1,7.21E+17
2377,0,7.21E+17
2378,0,7.21E+17
2379,1,7.21E+17
2380,1,7.21E+17
2381,1,7.21E+17
2382,1,7.21E+17
2383,0,7.21E+17
2384,0,7.21E+17
2385,0,7.21E+17
2386,1,7.21E+17
2387,1,7.21E+17
2388,0,7.21E+17
2389,0,7.21E+17
2390,0,7.21E+17
2391,1,7.21E+17
2392,0,7.21E+17
2393,0,7.21E+17
2394,1,7.21E+17
2395,0,7.21E+17
2396,1,7.21E+17
2397,1,7.21E+17
2398,1,7.21E+17
2399,1,7.21E+17
2400,0,7.21E+17
2401,0,7.21E+17
2402,1,7.21E+17
2403,0,7.21E+17
2404,1,7.21E+17
2405,0,7.21E+17
2406,0,7.21E+17
2407,0,7.21E+17
2408,1,7.21E+17
2409,0,7.21E+17
2410,0,7.21E+17
2411,0,7.21E+17
2412,0,7.21E+17
2413,1,7.21E+17
2414,0,7.21E+17
2415,1,7.21E+17
2416,0,7.21E+17
2417,0,7.21E+17
2418,0,7.21E+17
2419,0,7.21E+17
2420,0,7.21E+17
2421,0,7.21E+17
2422,1,7.21E+17
2423,1,7.21E+17
2424,0,7.21E+17
2425,0,7.21E+17
2426,1,7.21E+17
2427,1,7.21E+17
2428,1,7.21E+17
2429,1,7.21E+17
2430,0,7.21E+17
2431,0,7.21E+17
2432,1,7.21E+17
2433,1,7.21E+17
2434,1,7.21E+17
2435,1,7.21E+17
2436,0,7.21E+17
2437,1,7.21E+17
2438,0,7.21E+17
2439,1,7.21E+17
2440,0,7.21E+17
2441,0,7.21E+17
2442,1,7.21E+17
2443,0,7.21E+17
2444,0,7.21E+17
2445,0,7.21E+17
2446,1,7.21E+17
2447,0,7.21E+17
2448,0,7.21E+17
2449,0,7.21E+17
2450,1,7.21E+17
2451,0,7.21E+17
2452,1,7.21E+17
2453,1,7.21E+17
2454,1,7.21E+17
2455,1,7.21E+17
2456,0,7.21E+17
2457,1,7.21E+17
2458,0,7.21E+17
2459,1,7.21E+17
2460,1,7.21E+17
2461,0,7.21E+17
2462,0,7.21E+17
2463,1,7.21E+17
2464,0,7.21E+17
2465,0,7.21E+17
2466,1,7.21E+17
2467,1,7.21E+17
2468,1,7.21E+17
2469,0,7.21E+17
2470,1,7.21E+17
2471,1,7.21E+17
2472,0,7.21E+17
2473,0,7.21E+17
2474,0,7.21E+17
2475,0,7.21E+17
2476,1,7.21E+17
2477,1,7.21E+17
2478,0,7.21E+17
2479,0,7.21E+17
2480,1,7.21E+17
2481,0,7.21E+17
2482,1,7.21E+17
2483,0,7.21E+17
2484,1,7.21E+17
2485,1,7.21E+17
2486,0,7.21E+17
2487,0,7.21E+17
2488,1,7.21E+17
2489,1,7.21E+17
2490,1,7.21E+17
2491,1,7.21E+17
2492,0,7.21E+17
2493,0,7.21E+17
2494,0,7.21E+17
2495,0,7.21E+17
2496,1,7.21E+17
2497,0,7.21E+17
2498,0,7.21E+17
2499,1,7.21E+17
2500,0,7.21E+17
2501,1,7.21E+17
2502,0,7.21E+17
2503,1,7.21E+17
2504,1,7.21E+17
2505,0,7.21E+17
2506,0,7.21E+17
2507,1,7.21E+17
2508,1,7.21E+17
2509,0,7.21E+17
2510,1,7.21E+17
2511,0,7.21E+17
2512,0,7.21E+17
2513,1,7.21E+17
2514,1,7.21E+17
2515,1,7.21E+17
2516,1,7.21E+17
2517,0,7.21E+17
2518,0,7.21E+17
2519,0,7.21E+17
2520,0,7.21E+17
2521,0,7.21E+17
2522,1,7.21E+17
2523,0,7.21E+17
2524,0,7.21E+17
2525,1,7.21E+17
2526,0,7.21E+17
2527,1,7.21E+17
2528,0,7.21E+17
2529,1,7.21E+17
2530,1,7.21E+17
2531,0,7.21E+17
2532,0,7.21E+17
2533,0,7.21E+17
2534,0,7.21E+17
2535,0,7.21E+17
2536,0,7.21E+17
2537,1,7.21E+17
2538,1,7.21E+17
2539,1,7.21E+17
2540,0,7.21E+17
2541,0,7.21E+17
2542,1,7.21E+17
2543,1,7.21E+17
2544,1,7.21E+17
2545,0,7.21E+17
2546,1,7.21E+17
2547,1,7.21E+17
2548,1,7.21E+17
2549,0,7.21E+17
2550,1,7.21E+17
2551,1,7.21E+17
2552,1,7.21E+17
2553,1,7.21E+17
2554,1,7.21E+17
2555,1,7.21E+17
2556,0,7.21E+17
2557,0,7.21E+17
2558,0,7.21E+17
2559,0,7.21E+17
2560,1,7.21E+17
2561,1,7.21E+17
2562,1,7.21E+17
2563,0,7.21E+17
2564,0,7.21E+17
2565,1,7.21E+17
2566,0,7.21E+17
2567,0,7.21E+17
2568,1,7.21E+17
2569,1,7.21E+17
2570,0,7.21E+17
2571,0,7.21E+17
2572,0,7.21E+17
2573,1,7.21E+17
2574,0,7.21E+17
2575,1,7.21E+17
2576,0,7.21E+17
2577,1,7.21E+17
2578,0,7.21E+17
2579,1,7.21E+17
2580,1,7.21E+17
2581,0,7.21E+17
2582,0,7.21E+17
2583,0,7.21E+17
2584,0,7.21E+17
2585,1,7.21E+17
2586,0,7.21E+17
2587,1,7.21E+17
2588,1,7.21E+17
2589,1,7.21E+17
2590,0,7.21E+17
2591,0,7.21E+17
2592,0,7.21E+17
2593,0,7.21E+17
2594,0,7.21E+17
2595,0,7.21E+17
2596,1,7.21E+17
2597,0,7.21E+17
2598,0,7.21E+17
2599,0,7.21E+17
2600,1,7.21E+17
2601,0,7.21E+17
2602,0,7.21E+17
2603,1,7.21E+17
2604,0,7.21E+17
2605,0,7.21E+17
2606,0,7.21E+17
2607,0,7.21E+17
2608,0,7.21E+17
2609,1,7.21E+17
2610,1,7.21E+17
2611,0,7.21E+17
2612,0,7.21E+17
2613,1,7.21E+17
2614,0,7.21E+17
2615,1,7.21E+17
2616,0,7.21E+17
2617,1,7.21E+17
2618,0,7.21E+17
2619,0,7.21E+17
2620,0,7.21E+17
2621,0,7.21E+17
2622,0,7.21E+17
2623,1,7.21E+17
2624,0,7.21E+17
2625,1,7.21E+17
2626,1,7.21E+17
2627,0,7.21E+17
2628,1,7.21E+17
2629,0,7.21E+17
2630,0,7.21E+17
2631,0,7.21E+17
2632,1,7.21E+17
2633,1,7.21E+17
2634,0,7.21E+17
2635,0,7.21E+17
2636,0,7.21E+17
2637,0,7.21E+17
2638,0,7.21E+17
2639,1,7.21E+17
2640,1,7.21E+17
2641,0,7.21E+17
2642,0,7.21E+17
2643,0,7.21E+17
2644,0,7.21E+17
2645,0,7.21E+17
2646,1,7.21E+17
2647,0,7.21E+17
2648,0,7.21E+17
2649,0,7.21E+17
2650,0,7.21E+17
2651,1,7.21E+17
2652,0,7.21E+17
2653,1,7.21E+17
2654,0,7.21E+17
2655,0,7.21E+17
2656,1,7.21E+17
2657,1,7.21E+17
2658,1,7.21E+17
2659,1,7.21E+17
2660,1,7.21E+17
2661,1,7.21E+17
2662,1,7.21E+17
2663,1,7.21E+17
2664,1,7.21E+17
2665,1,7.21E+17
2666,0,7.21E+17
2667,0,7.21E+17
2668,1,7.21E+17
2669,0,7.21E+17
2670,1,7.21E+17
2671,1,7.21E+17
2672,0,7.21E+17
2673,0,7.21E+17
2674,0,7.21E+17
2675,1,7.21E+17
2676,1,7.21E+17
2677,1,7.21E+17
2678,0,7.21E+17
2679,1,7.21E+17
2680,1,7.21E+17
2681,0,7.21E+17
2682,1,7.21E+17
2683,1,7.21E+17
2684,0,7.21E+17
2685,1,7.21E+17
2686,0,7.21E+17
2687,1,7.21E+17
2688,0,7.21E+17
2689,1,7.21E+17
2690,1,7.21E+17
2691,1,7.21E+17
2692,1,7.21E+17
2693,1,7.21E+17
2694,1,7.21E+17
2695,1,7.21E+17
2696,1,7.21E+17
2697,1,7.21E+17
2698,1,7.21E+17
2699,1,7.21E+17
2700,1,7.21E+17
2701,1,7.21E+17
2702,0,7.21E+17
2703,0,7.21E+17
2704,0,7.21E+17
2705,0,7.21E+17
2706,0,7.21E+17
2707,1,7.21E+17
2708,0,7.21E+17
2709,0,7.21E+17
2710,0,7.21E+17
2711,0,7.21E+17
2712,1,7.21E+17
2713,0,7.21E+17
2714,1,7.21E+17
2715,1,7.21E+17
2716,1,7.21E+17
2717,0,7.21E+17
2718,1,7.21E+17
2719,1,7.21E+17
2720,0,7.21E+17
2721,1,7.21E+17
2722,1,7.21E+17
2723,1,7.21E+17
2724,0,7.21E+17
2725,1,7.21E+17
2726,0,7.21E+17
2727,1,7.21E+17
2728,0,7.21E+17
2729,0,7.21E+17
2730,1,7.21E+17
2731,0,7.21E+17
2732,1,7.21E+17
2733,0,7.21E+17
2734,0,7.21E+17
2735,1,7.21E+17
2736,1,7.21E+17
2737,0,7.21E+17
2738,0,7.21E+17
2739,0,7.21E+17
2740,0,7.21E+17
2741,0,7.21E+17
2742,0,7.21E+17
2743,0,7.21E+17
2744,0,7.21E+17
2745,0,7.21E+17
2746,0,7.21E+17
2747,0,7.21E+17
2748,0,7.21E+17
2749,0,7.21E+17
2750,0,7.21E+17
2751,0,7.21E+17
2752,0,7.21E+17
2753,0,7.21E+17
2754,0,7.21E+17
2755,0,7.21E+17
2756,0,7.21E+17
2757,1,7.21E+17
2758,1,7.21E+17
2759,0,7.21E+17
2760,0,7.21E+17
2761,0,7.21E+17
2762,0,7.21E+17
2763,0,7.21E+17
2764,0,7.21E+17
2765,0,7.21E+17
2766,0,7.21E+17
2767,1,7.21E+17
2768,1,7.21E+17
2769,1,7.21E+17
2770,1,7.21E+17
2771,0,7.21E+17
2772,1,7.21E+17
2773,1,7.21E+17
2774,1,7.21E+17
2775,1,7.21E+17
2776,1,7.21E+17
2777,1,7.21E+17
2778,1,7.21E+17
2779,1,7.21E+17
2780,1,7.21E+17
2781,1,7.21E+17
2782,1,7.21E+17
2783,0,7.21E+17
2784,1,7.21E+17
2785,1,7.21E+17
2786,1,7.21E+17
2787,0,7.21E+17
2788,0,7.21E+17
2789,0,7.21E+17
2790,1,7.21E+17
2791,0,7.21E+17
2792,1,7.21E+17
2793,1,7.21E+17
2794,1,7.21E+17
2795,1,7.21E+17
2796,1,7.21E+17
2797,1,7.21E+17
2798,1,7.21E+17
2799,0,7.21E+17
2800,0,7.21E+17
2801,0,7.21E+17
2802,0,7.21E+17
2803,0,7.21E+17
2804,1,7.21E+17
2805,1,7.21E+17
2806,0,7.21E+17
2807,0,7.21E+17
2808,1,7.21E+17
2809,0,7.21E+17
2810,0,7.21E+17
2811,0,7.21E+17
2812,1,7.21E+17
2813,1,7.21E+17
2814,0,7.21E+17
2815,0,7.21E+17
2816,0,7.21E+17
2817,0,7.21E+17
2818,0,7.21E+17
2819,1,7.21E+17
2820,1,7.21E+17
2821,1,7.21E+17
2822,1,7.21E+17
2823,1,7.21E+17
2824,0,7.21E+17
2825,1,7.21E+17
2826,0,7.21E+17
2827,1,7.21E+17
2828,0,7.21E+17
2829,0,7.21E+17
2830,0,7.21E+17
2831,0,7.21E+17
2832,0,7.21E+17
2833,0,7.21E+17
2834,0,7.21E+17
2835,0,7.21E+17
2836,0,7.21E+17
2837,1,7.21E+17
2838,1,7.21E+17
2839,1,7.21E+17
2840,0,7.21E+17
2841,1,7.21E+17
2842,1,7.21E+17
2843,0,7.21E+17
2844,0,7.21E+17
2845,0,7.21E+17
2846,1,7.21E+17
2847,0,7.21E+17
2848,1,7.21E+17
2849,1,7.21E+17
2850,1,7.21E+17
2851,1,7.21E+17
2852,1,7.21E+17
2853,0,7.21E+17
2854,0,7.21E+17
2855,1,7.21E+17
2856,1,7.21E+17
2857,1,7.21E+17
2858,1,7.21E+17
2859,0,7.21E+17
2860,0,7.21E+17
2861,0,7.21E+17
2862,0,7.21E+17
2863,1,7.21E+17
2864,0,7.21E+17
2865,0,7.21E+17
2866,0,7.21E+17
2867,0,7.21E+17
2868,0,7.21E+17
2869,1,7.21E+17
2870,0,7.21E+17
2871,1,7.21E+17
2872,1,7.21E+17
2873,0,7.21E+17
2874,0,7.21E+17
2875,0,7.21E+17
2876,1,7.21E+17
2877,1,7.21E+17
2878,1,7.21E+17
2879,0,7.21E+17
2880,1,7.21E+17
2881,1,7.21E+17
2882,1,7.21E+17
2883,0,7.21E+17
2884,1,7.21E+17
2885,1,7.21E+17
2886,1,7.21E+17
2887,0,7.21E+17
2888,0,7.21E+17
2889,0,7.21E+17
2890,1,7.21E+17
2891,1,7.21E+17
2892,0,7.21E+17
2893,1,7.21E+17
2894,1,7.21E+17
2895,1,7.21E+17
2896,1,7.21E+17
2897,0,7.21E+17
2898,0,7.21E+17
2899,0,7.21E+17
2900,0,7.21E+17
2901,0,7.21E+17
2902,0,7.21E+17
2903,0,7.21E+17
2904,1,7.21E+17
2905,1,7.21E+17
2906,0,7.21E+17
2907,1,7.21E+17
2908,0,7.21E+17
2909,1,7.21E+17
2910,0,7.21E+17
2911,0,7.21E+17
2912,0,7.21E+17
2913,0,7.21E+17
2914,1,7.21E+17
2915,0,7.21E+17
2916,0,7.21E+17
2917,0,7.21E+17
2918,0,7.21E+17
2919,1,7.21E+17
2920,0,7.21E+17
2921,1,7.21E+17
2922,0,7.21E+17
2923,0,7.21E+17
2924,1,7.21E+17
2925,1,7.21E+17
2926,1,7.21E+17
2927,1,7.21E+17
2928,1,7.21E+17
2929,1,7.21E+17
2930,1,7.21E+17
2931,0,7.21E+17
2932,0,7.21E+17
2933,1,7.21E+17
2934,0,7.21E+17
2935,1,7.21E+17
2936,1,7.21E+17
2937,1,7.21E+17
2938,1,7.21E+17
2939,0,7.21E+17
2940,1,7.21E+17
2941,0,7.21E+17
2942,1,7.21E+17
2943,0,7.21E+17
2944,0,7.21E+17
2945,1,7.21E+17
2946,0,7.21E+17
2947,1,7.21E+17
2948,1,7.21E+17
2949,1,7.21E+17
2950,1,7.21E+17
2951,1,7.21E+17
2952,0,7.21E+17
2953,0,7.21E+17
2954,1,7.21E+17
2955,1,7.21E+17
2956,1,7.21E+17
2957,0,7.21E+17
2958,1,7.21E+17
2959,1,7.21E+17
2960,0,7.21E+17
2961,0,7.21E+17
2962,1,7.21E+17
2963,0,7.21E+17
2964,1,7.21E+17
2965,0,7.21E+17
2966,0,7.21E+17
2967,0,7.21E+17
2968,0,7.21E+17
2969,1,7.21E+17
2970,0,7.21E+17
2971,0,7.21E+17
2972,1,7.21E+17
2973,1,7.21E+17
2974,1,7.21E+17
2975,0,7.21E+17
2976,0,7.21E+17
2977,0,7.21E+17
2978,0,7.21E+17
2979,1,7.21E+17
2980,1,7.21E+17
2981,1,7.21E+17
2982,0,7.21E+17
2983,0,7.21E+17
2984,0,7.21E+17
2985,1,7.21E+17
2986,1,7.21E+17
2987,0,7.21E+17
2988,1,7.21E+17
2989,0,7.21E+17
2990,0,7.21E+17
2991,1,7.21E+17
2992,1,7.21E+17
2993,1,7.21E+17
2994,0,7.21E+17
2995,0,7.21E+17
2996,1,7.21E+17
2997,0,7.21E+17
2998,1,7.21E+17
2999,1,7.21E+17
3000,1,7.21E+17
3001,1,7.21E+17
3002,0,7.21E+17
3003,0,7.21E+17
3004,0,7.21E+17
3005,1,7.21E+17
3006,0,7.21E+17
3007,0,7.21E+17
3008,0,7.21E+17
3009,1,7.21E+17
3010,0,7.21E+17
3011,0,7.21E+17
3012,1,7.21E+17
3013,0,7.21E+17
3014,1,7.21E+17
3015,0,7.21E+17
3016,1,7.21E+17
3017,0,7.21E+17
3018,0,7.21E+17
3019,0,7.21E+17
3020,1,7.21E+17
3021,0,7.21E+17
3022,0,7.21E+17
3023,0,7.21E+17
3024,0,7.21E+17
3025,1,7.21E+17
3026,1,7.21E+17
3027,0,7.21E+17
3028,0,7.21E+17
3029,0,7.21E+17
3030,0,7.21E+17
3031,1,7.21E+17
3032,0,7.21E+17
3033,0,7.21E+17
3034,0,7.21E+17
3035,1,7.21E+17
3036,1,7.21E+17
3037,1,7.21E+17
3038,1,7.21E+17
3039,1,7.21E+17
3040,0,7.21E+17
3041,0,7.21E+17
3042,1,7.21E+17
3043,1,7.21E+17
3044,1,7.21E+17
3045,1,7.21E+17
3046,0,7.21E+17
3047,0,7.21E+17
3048,1,7.21E+17
3049,1,7.21E+17
3050,0,7.21E+17
3051,1,7.21E+17
3052,0,7.21E+17
3053,1,7.21E+17
3054,0,7.21E+17
3055,1,7.21E+17
3056,0,7.21E+17
3057,1,7.21E+17
3058,0,7.21E+17
3059,0,7.21E+17
3060,0,7.21E+17
3061,1,7.21E+17
3062,0,7.21E+17
3063,1,7.21E+17
3064,1,7.21E+17
3065,0,7.21E+17
3066,0,7.21E+17
3067,0,7.21E+17
3068,1,7.21E+17
3069,0,7.21E+17
3070,0,7.21E+17
3071,1,7.21E+17
3072,1,7.21E+17
3073,0,7.21E+17
3074,0,7.21E+17
3075,0,7.21E+17
3076,1,7.21E+17
3077,0,7.21E+17
3078,0,7.21E+17
3079,0,7.21E+17
3080,1,7.21E+17
3081,1,7.21E+17
3082,0,7.21E+17
3083,0,7.21E+17
3084,0,7.21E+17
3085,0,7.21E+17
3086,0,7.21E+17
3087,0,7.21E+17
3088,1,7.21E+17
3089,0,7.21E+17
3090,0,7.21E+17
3091,0,7.21E+17
3092,1,7.21E+17
3093,0,7.21E+17
3094,0,7.21E+17
3095,1,7.21E+17
3096,1,7.21E+17
3097,1,7.21E+17
3098,0,7.21E+17
3099,0,7.21E+17
3100,0,7.21E+17
3101,1,7.21E+17
3102,1,7.21E+17
3103,1,7.21E+17
3104,1,7.21E+17
3105,1,7.21E+17
3106,1,7.21E+17
3107,1,7.21E+17
3108,0,7.21E+17
3109,0,7.21E+17
3110,0,7.21E+17
3111,1,7.21E+17
3112,1,7.21E+17
3113,1,7.21E+17
3114,1,7.21E+17
3115,1,7.21E+17
3116,1,7.21E+17
3117,1,7.21E+17
3118,1,7.21E+17
3119,0,7.21E+17
3120,0,7.21E+17
3121,1,7.21E+17
3122,1,7.21E+17
3123,0,7.21E+17
3124,0,7.21E+17
3125,0,7.21E+17
3126,0,7.21E+17
3127,0,7.21E+17
3128,0,7.21E+17
3129,1,7.21E+17
3130,0,7.21E+17
3131,1,7.21E+17
3132,0,7.21E+17
3133,0,7.21E+17
3134,1,7.21E+17
3135,0,7.21E+17
3136,0,7.21E+17
3137,0,7.21E+17
3138,0,7.21E+17
3139,0,7.21E+17
3140,0,7.21E+17
3141,0,7.21E+17
3142,0,7.21E+17
3143,0,7.21E+17
3144,0,7.21E+17
3145,1,7.21E+17
3146,0,7.21E+17
3147,1,7.21E+17
3148,0,7.21E+17
3149,1,7.21E+17
3150,1,7.21E+17
3151,0,7.21E+17
3152,1,7.21E+17
3153,1,7.21E+17
3154,1,7.21E+17
3155,1,7.21E+17
3156,1,7.21E+17
3157,1,7.21E+17
3158,1,7.21E+17
3159,1,7.21E+17
3160,0,7.21E+17
3161,0,7.21E+17
3162,1,7.21E+17
3163,0,7.21E+17
3164,1,7.21E+17
3165,1,7.21E+17
3166,0,7.21E+17
3167,1,7.21E+17
3168,1,7.21E+17
3169,0,7.21E+17
3170,0,7.21E+17
3171,1,7.21E+17
3172,0,7.21E+17
3173,1,7.21E+17
3174,1,7.21E+17
3175,0,7.21E+17
3176,0,7.21E+17
3177,0,7.21E+17
3178,1,7.21E+17
3179,0,7.21E+17
3180,0,7.21E+17
3181,1,7.21E+17
3182,1,7.21E+17
3183,1,7.21E+17
3184,0,7.21E+17
3185,0,7.21E+17
3186,1,7.21E+17
3187,1,7.21E+17
3188,0,7.21E+17
3189,0,7.21E+17
3190,0,7.21E+17
3191,0,7.21E+17
3192,1,7.21E+17
3193,0,7.21E+17
3194,1,7.21E+17
3195,0,7.21E+17
3196,1,7.21E+17
3197,1,7.21E+17
3198,1,7.21E+17
3199,1,7.21E+17
3200,1,7.21E+17
3201,0,7.21E+17
3202,1,7.21E+17
3203,0,7.21E+17
3204,1,7.21E+17
3205,1,7.21E+17
3206,1,7.21E+17
3207,1,7.21E+17
3208,1,7.21E+17
3209,1,7.21E+17
3210,1,7.21E+17
3211,1,7.21E+17
3212,1,7.21E+17
3213,0,7.21E+17
3214,1,7.21E+17
3215,1,7.21E+17
3216,1,7.21E+17
3217,1,7.21E+17
3218,1,7.21E+17
3219,1,7.21E+17
3220,0,7.21E+17
3221,0,7.21E+17
3222,1,7.21E+17
3223,1,7.21E+17
3224,1,7.21E+17
3225,1,7.21E+17
3226,1,7.21E+17
3227,1,7.21E+17
3228,0,7.21E+17
3229,1,7.21E+17
3230,1,7.21E+17
3231,1,7.21E+17
3232,0,7.21E+17
3233,1,7.21E+17
3234,0,7.21E+17
3235,0,7.21E+17
3236,1,7.21E+17
3237,0,7.21E+17
3238,1,7.21E+17
3239,0,7.21E+17
3240,0,7.21E+17
3241,0,7.21E+17
3242,0,7.21E+17
3243,0,7.21E+17
3244,0,7.21E+17
3245,0,7.21E+17
3246,1,7.21E+17
3247,0,7.21E+17
3248,0,7.21E+17
3249,0,7.21E+17
3250,1,7.21E+17
3251,1,7.21E+17
3252,1,7.21E+17
3253,1,7.21E+17
3254,0,7.21E+17
3255,1,7.21E+17
3256,1,7.21E+17
3257,1,7.21E+17
3258,1,7.21E+17
3259,0,7.21E+17
3260,0,7.21E+17
3261,0,7.21E+17
3262,1,7.21E+17
3263,0,7.21E+17
3264,1,7.21E+17
3265,1,7.21E+17
3266,1,7.21E+17
3267,0,7.21E+17
3268,1,7.21E+17
3269,1,7.21E+17
3270,1,7.21E+17
3271,1,7.21E+17
3272,0,7.21E+17
3273,1,7.21E+17
3274,1,7.21E+17
3275,0,7.21E+17
3276,1,7.21E+17
3277,0,7.21E+17
3278,0,7.21E+17
3279,0,7.21E+17
3280,1,7.21E+17
3281,1,7.21E+17
3282,0,7.21E+17
3283,0,7.21E+17
3284,1,7.21E+17
3285,1,7.21E+17
3286,1,7.21E+17
3287,0,7.21E+17
3288,1,7.21E+17
3289,0,7.21E+17
3290,0,7.21E+17
3291,1,7.21E+17
3292,1,7.21E+17
3293,1,7.21E+17
3294,1,7.21E+17
3295,1,7.21E+17
3296,0,7.21E+17
3297,1,7.21E+17
3298,0,7.21E+17
3299,0,7.21E+17
3300,0,7.21E+17
3301,0,7.21E+17
3302,0,7.21E+17
3303,0,7.21E+17
3304,0,7.21E+17
3305,0,7.21E+17
3306,0,7.21E+17
3307,0,7.21E+17
3308,0,7.21E+17
3309,0,7.21E+17
3310,0,7.21E+17
3311,0,7.21E+17
3312,0,7.21E+17
3313,0,7.21E+17
3314,0,7.21E+17
3315,0,7.21E+17
3316,0,7.21E+17
3317,1,7.21E+17
3318,0,7.21E+17
3319,0,7.21E+17
3320,0,7.21E+17
3321,0,7.21E+17
3322,0,7.21E+17
3323,0,7.21E+17
3324,1,7.21E+17
3325,0,7.21E+17
3326,1,7.21E+17
3327,0,7.21E+17
3328,1,7.21E+17
3329,1,7.21E+17
3330,0,7.21E+17
3331,1,7.21E+17
3332,1,7.21E+17
3333,0,7.21E+17
3334,1,7.21E+17
3335,0,7.21E+17
3336,0,7.21E+17
3337,1,7.21E+17
3338,0,7.21E+17
3339,0,7.21E+17
3340,0,7.21E+17
3341,0,7.21E+17
3342,0,7.21E+17
3343,1,7.21E+17
3344,0,7.21E+17
3345,0,7.21E+17
3346,1,7.21E+17
3347,1,7.21E+17
3348,0,7.21E+17
3349,1,7.21E+17
3350,1,7.21E+17
3351,1,7.21E+17
3352,1,7.21E+17
3353,1,7.21E+17
3354,1,7.21E+17
3355,1,7.21E+17
3356,0,7.21E+17
3357,0,7.21E+17
3358,1,7.21E+17
3359,1,7.21E+17
3360,1,7.21E+17
3361,0,7.21E+17
3362,1,7.21E+17
3363,0,7.21E+17
3364,0,7.21E+17
3365,0,7.21E+17
3366,0,7.21E+17
3367,0,7.21E+17
3368,1,7.21E+17
3369,1,7.21E+17
3370,1,7.21E+17
3371,1,7.21E+17
3372,0,7.21E+17
3373,0,7.21E+17
3374,1,7.21E+17
3375,0,7.21E+17
3376,1,7.21E+17
3377,0,7.21E+17
3378,0,7.21E+17
3379,0,7.21E+17
3380,1,7.21E+17
3381,1,7.21E+17
3382,0,7.21E+17
3383,1,7.21E+17
3384,0,7.21E+17
3385,0,7.21E+17
3386,0,7.21E+17
3387,1,7.21E+17
3388,0,7.21E+17
3389,0,7.21E+17
3390,0,7.21E+17
3391,0,7.21E+17
3392,0,7.21E+17
3393,1,7.21E+17
3394,0,7.21E+17
3395,1,7.21E+17
3396,0,7.21E+17
3397,1,7.21E+17
3398,0,7.21E+17
3399,0,7.21E+17
3400,1,7.21E+17
3401,0,7.21E+17
3402,0,7.21E+17
3403,0,7.21E+17
3404,1,7.21E+17
3405,1,7.21E+17
3406,0,7.21E+17
3407,1,7.21E+17
3408,1,7.21E+17
3409,1,7.21E+17
3410,1,7.21E+17
3411,1,7.21E+17
3412,1,7.21E+17
3413,1,7.21E+17
3414,1,7.21E+17
3415,1,7.21E+17
3416,1,7.21E+17
3417,1,7.21E+17
3418,1,7.21E+17
3419,1,7.21E+17
3420,0,7.21E+17
3421,1,7.21E+17
3422,0,7.21E+17
3423,0,7.21E+17
3424,1,7.21E+17
3425,1,7.21E+17
3426,0,7.21E+17
3427,1,7.21E+17
3428,1,7.21E+17
3429,1,7.21E+17
3430,1,7.21E+17
3431,1,7.21E+17
3432,0,7.21E+17
3433,0,7.21E+17
3434,0,7.21E+17
3435,1,7.21E+17
3436,0,7.21E+17
3437,0,7.21E+17
3438,0,7.21E+17
3439,1,7.21E+17
3440,1,7.21E+17
3441,0,7.21E+17
3442,0,7.21E+17
3443,1,7.21E+17
3444,1,7.21E+17
3445,1,7.21E+17
3446,0,7.21E+17
3447,1,7.21E+17
3448,1,7.21E+17
3449,0,7.21E+17
3450,0,7.21E+17
3451,1,7.21E+17
3452,1,7.21E+17
3453,0,7.21E+17
3454,1,7.21E+17
3455,1,7.21E+17
3456,0,7.21E+17
3457,0,7.21E+17
3458,1,7.21E+17
3459,1,7.21E+17
3460,1,7.21E+17
3461,1,7.21E+17
3462,0,7.21E+17
3463,1,7.21E+17
3464,0,7.21E+17
3465,0,7.21E+17
3466,0,7.21E+17
3467,1,7.21E+17
3468,1,7.21E+17
3469,1,7.21E+17
3470,0,7.21E+17
3471,0,7.21E+17
3472,0,7.21E+17
3473,1,7.21E+17
3474,0,7.21E+17
3475,1,7.21E+17
3476,1,7.21E+17
3477,1,7.21E+17
3478,0,7.21E+17
3479,1,7.21E+17
3480,0,7.21E+17
3481,1,7.21E+17
3482,1,7.21E+17
3483,1,7.21E+17
3484,1,7.21E+17
3485,1,7.21E+17
3486,0,7.21E+17
3487,0,7.21E+17
3488,1,7.21E+17
3489,0,7.21E+17
3490,0,7.21E+17
3491,0,7.21E+17
3492,1,7.21E+17
3493,1,7.21E+17
3494,0,7.21E+17
3495,0,7.21E+17
3496,0,7.21E+17
3497,1,7.21E+17
3498,1,7.21E+17
3499,1,7.21E+17
3500,1,7.21E+17
3501,0,7.21E+17
3502,1,7.21E+17
3503,0,7.21E+17
3504,1,7.21E+17
3505,0,7.21E+17
3506,0,7.21E+17
3507,1,7.21E+17
3508,0,7.21E+17
3509,1,7.21E+17
3510,0,7.21E+17
3511,1,7.21E+17
3512,1,7.21E+17
3513,0,7.21E+17
3514,1,7.21E+17
3515,0,7.21E+17
3516,0,7.21E+17
3517,0,7.21E+17
3518,0,7.21E+17
3519,0,7.21E+17
3520,0,7.21E+17
3521,1,7.21E+17
3522,0,7.21E+17
3523,0,7.21E+17
3524,0,7.21E+17
3525,0,7.21E+17
3526,0,7.21E+17
3527,1,7.21E+17
3528,0,7.21E+17
3529,1,7.21E+17
3530,1,7.21E+17
3531,1,7.21E+17
3532,1,7.21E+17
3533,0,7.21E+17
3534,0,7.21E+17
3535,1,7.21E+17
3536,1,7.21E+17
3537,0,7.21E+17
3538,1,7.21E+17
3539,0,7.21E+17
3540,1,7.21E+17
3541,0,7.21E+17
3542,1,7.21E+17
3543,1,7.21E+17
3544,0,7.21E+17
3545,1,7.21E+17
3546,1,7.21E+17
3547,1,7.21E+17
3548,0,7.21E+17
3549,0,7.21E+17
3550,0,7.21E+17
3551,0,7.21E+17
3552,1,7.21E+17
3553,0,7.21E+17
3554,1,7.21E+17
3555,0,7.21E+17
3556,1,7.21E+17
3557,1,7.21E+17
3558,1,7.21E+17
3559,1,7.21E+17
3560,1,7.21E+17
3561,1,7.21E+17
3562,0,7.21E+17
3563,0,7.21E+17
3564,0,7.21E+17
3565,0,7.21E+17
3566,1,7.21E+17
3567,1,7.21E+17
3568,0,7.21E+17
3569,1,7.21E+17
3570,1,7.21E+17
3571,1,7.21E+17
3572,1,7.21E+17
3573,0,7.21E+17
3574,0,7.21E+17
3575,0,7.21E+17
3576,1,7.21E+17
3577,0,7.21E+17
3578,1,7.21E+17
3579,1,7.21E+17
3580,1,7.21E+17
3581,0,7.21E+17
3582,0,7.21E+17
3583,0,7.21E+17
3584,1,7.21E+17
3585,1,7.21E+17
3586,0,7.21E+17
3587,1,7.21E+17
3588,0,7.21E+17
3589,0,7.21E+17
3590,0,7.21E+17
3591,0,7.21E+17
3592,0,7.21E+17
3593,0,7.21E+17
3594,0,7.21E+17
3595,1,7.21E+17
3596,0,7.21E+17
3597,1,7.21E+17
3598,1,7.21E+17
3599,0,7.21E+17
3600,1,7.21E+17
3601,1,7.21E+17
3602,0,7.21E+17
3603,1,7.21E+17
3604,0,7.21E+17
3605,1,7.21E+17
3606,0,7.21E+17
3607,1,7.21E+17
3608,0,7.21E+17
3609,0,7.21E+17
3610,0,7.21E+17
3611,1,7.21E+17
3612,1,7.21E+17
3613,0,7.21E+17
3614,0,7.21E+17
3615,1,7.21E+17
3616,0,7.21E+17
3617,1,7.21E+17
3618,1,7.21E+17
3619,0,7.21E+17
3620,1,7.21E+17
3621,0,7.21E+17
3622,0,7.21E+17
3623,1,7.21E+17
3624,1,7.21E+17
3625,1,7.21E+17
3626,1,7.21E+17
3627,1,7.21E+17
3628,1,7.21E+17
3629,0,7.21E+17
3630,0,7.21E+17
3631,0,7.21E+17
3632,0,7.21E+17
3633,0,7.21E+17
3634,0,7.21E+17
3635,1,7.21E+17
3636,1,7.21E+17
3637,1,7.21E+17
3638,0,7.21E+17
3639,1,7.21E+17
3640,0,7.21E+17
3641,0,7.21E+17
3642,1,7.21E+17
3643,1,7.21E+17
3644,0,7.21E+17
3645,0,7.21E+17
3646,0,7.21E+17
3647,0,7.21E+17
3648,0,7.21E+17
3649,1,7.21E+17
3650,1,7.21E+17
3651,0,7.21E+17
3652,1,7.21E+17
3653,0,7.21E+17
3654,1,7.21E+17
3655,1,7.21E+17
3656,1,7.21E+17
3657,0,7.21E+17
3658,0,7.21E+17
3659,1,7.21E+17
3660,0,7.21E+17
3661,0,7.21E+17
3662,0,7.21E+17
3663,0,7.21E+17
3664,0,7.21E+17
3665,1,7.21E+17
3666,1,7.21E+17
3667,0,7.21E+17
3668,0,7.21E+17
3669,1,7.21E+17
3670,1,7.21E+17
3671,0,7.21E+17
3672,0,7.21E+17
3673,1,7.21E+17
3674,1,7.21E+17
3675,1,7.21E+17
3676,0,7.21E+17
3677,0,7.21E+17
3678,0,7.21E+17
3679,1,7.21E+17
3680,1,7.21E+17
3681,0,7.21E+17
3682,0,7.21E+17
3683,0,7.21E+17
3684,0,7.21E+17
3685,1,7.21E+17
3686,0,7.21E+17
3687,1,7.21E+17
3688,0,7.21E+17
3689,1,7.21E+17
3690,1,7.21E+17
3691,0,7.21E+17
3692,0,7.21E+17
3693,0,7.21E+17
3694,1,7.21E+17
3695,1,7.21E+17
3696,0,7.21E+17
3697,1,7.21E+17
3698,0,7.21E+17
3699,1,7.21E+17
3700,1,7.21E+17
3701,0,7.21E+17
3702,1,7.21E+17
3703,0,7.21E+17
3704,1,7.21E+17
3705,1,7.21E+17
3706,0,7.21E+17
3707,1,7.21E+17
3708,0,7.21E+17
3709,1,7.21E+17
3710,1,7.21E+17
3711,0,7.21E+17
3712,1,7.21E+17
3713,1,7.21E+17
3714,1,7.21E+17
3715,1,7.21E+17
3716,0,7.21E+17
3717,1,7.21E+17
3718,1,7.21E+17
3719,1,7.21E+17
3720,1,7.21E+17
3721,1,7.21E+17
3722,1,7.21E+17
3723,0,7.21E+17
3724,1,7.21E+17
3725,0,7.21E+17
3726,0,7.21E+17
3727,1,7.21E+17
3728,0,7.21E+17
3729,1,7.21E+17
3730,1,7.21E+17
3731,1,7.21E+17
3732,1,7.21E+17
3733,1,7.21E+17
3734,0,7.21E+17
3735,0,7.21E+17
3736,1,7.21E+17
3737,0,7.21E+17
3738,0,7.21E+17
3739,0,7.21E+17
3740,0,7.21E+17
3741,0,7.21E+17
3742,0,7.21E+17
3743,1,7.21E+17
3744,0,7.21E+17
3745,1,7.21E+17
3746,1,7.21E+17
3747,1,7.21E+17
3748,1,7.21E+17
3749,1,7.21E+17
3750,1,7.21E+17
3751,1,7.21E+17
3752,0,7.21E+17
3753,0,7.21E+17
3754,0,7.21E+17
3755,0,7.21E+17
3756,0,7.21E+17
3757,0,7.21E+17
3758,0,7.21E+17
3759,0,7.21E+17
3760,0,7.21E+17
3761,0,7.21E+17
3762,0,7.21E+17
3763,0,7.21E+17
3764,0,7.21E+17
3765,0,7.21E+17
3766,0,7.21E+17
3767,1,7.21E+17
3768,1,7.21E+17
3769,1,7.21E+17
3770,1,7.21E+17
3771,1,7.21E+17
3772,0,7.21E+17
3773,1,7.21E+17
3774,1,7.21E+17
3775,0,7.21E+17
3776,0,7.21E+17
3777,0,7.21E+17
3778,0,7.21E+17
3779,0,7.21E+17
3780,1,7.21E+17
3781,1,7.21E+17
3782,0,7.21E+17
3783,1,7.21E+17
3784,1,7.21E+17
3785,1,7.21E+17
3786,1,7.21E+17
3787,1,7.21E+17
3788,1,7.21E+17
3789,0,7.21E+17
3790,0,7.21E+17
3791,1,7.21E+17
3792,0,7.21E+17
3793,1,7.21E+17
3794,1,7.21E+17
3795,0,7.21E+17
3796,0,7.21E+17
3797,0,7.21E+17
3798,0,7.21E+17
3799,0,7.21E+17
3800,0,7.21E+17
3801,0,7.21E+17
3802,0,7.21E+17
3803,0,7.21E+17
3804,0,7.21E+17
3805,0,7.21E+17
3806,1,7.21E+17
3807,0,7.21E+17
3808,1,7.21E+17
3809,0,7.21E+17
3810,0,7.21E+17
3811,1,7.21E+17
3812,1,7.21E+17
3813,1,7.21E+17
3814,1,7.21E+17
3815,0,7.21E+17
3816,1,7.21E+17
3817,0,7.21E+17
3818,0,7.21E+17
3819,1,7.21E+17
3820,1,7.21E+17
3821,1,7.21E+17
3822,1,7.21E+17
3823,1,7.21E+17
3824,1,7.21E+17
3825,0,7.21E+17
3826,0,7.21E+17
3827,0,7.21E+17
3828,0,7.21E+17
3829,0,7.21E+17
3830,0,7.21E+17
3831,0,7.21E+17
3832,0,7.21E+17
3833,0,7.21E+17
3834,0,7.21E+17
3835,1,7.21E+17
3836,1,7.21E+17
3837,1,7.21E+17
3838,0,7.21E+17
3839,1,7.21E+17
3840,1,7.21E+17
3841,0,7.21E+17
3842,1,7.21E+17
3843,1,7.21E+17
3844,1,7.21E+17
3845,0,7.21E+17
3846,0,7.21E+17
3847,1,7.21E+17
3848,1,7.21E+17
3849,0,7.21E+17
3850,0,7.21E+17
3851,0,7.21E+17
3852,0,7.21E+17
3853,1,7.21E+17
3854,1,7.21E+17
3855,0,7.21E+17
3856,1,7.21E+17
3857,0,7.21E+17
3858,1,7.21E+17
3859,1,7.21E+17
3860,1,7.21E+17
3861,0,7.21E+17
3862,0,7.21E+17
3863,0,7.21E+17
3864,0,7.21E+17
3865,1,7.21E+17
3866,1,7.21E+17
3867,0,7.21E+17
3868,0,7.21E+17
3869,1,7.21E+17
3870,0,7.21E+17
3871,0,7.21E+17
3872,1,7.21E+17
3873,1,7.21E+17
3874,0,7.21E+17
3875,0,7.21E+17
3876,0,7.21E+17
3877,0,7.21E+17
3878,0,7.21E+17
3879,0,7.21E+17
3880,0,7.21E+17
3881,0,7.21E+17
3882,0,7.21E+17
3883,0,7.21E+17
3884,0,7.21E+17
3885,0,7.21E+17
3886,0,7.21E+17
3887,0,7.21E+17
3888,1,7.21E+17
3889,0,7.21E+17
3890,0,7.21E+17
3891,0,7.21E+17
3892,0,7.21E+17
3893,1,7.21E+17
3894,0,7.21E+17
3895,1,7.21E+17
3896,0,7.21E+17
3897,0,7.21E+17
3898,1,7.21E+17
3899,1,7.21E+17
3900,0,7.21E+17
3901,0,7.21E+17
3902,1,7.21E+17
3903,0,7.21E+17
3904,1,7.21E+17
3905,1,7.21E+17
3906,1,7.21E+17
3907,1,7.21E+17
3908,1,7.21E+17
3909,1,7.21E+17
3910,1,7.21E+17
3911,1,7.21E+17
3912,0,7.21E+17
3913,0,7.21E+17
3914,1,7.21E+17
3915,1,7.21E+17
3916,0,7.21E+17
3917,1,7.21E+17
3918,0,7.21E+17
3919,1,7.21E+17
3920,0,7.21E+17
3921,0,7.21E+17
3922,0,7.21E+17
3923,0,7.21E+17
3924,0,7.21E+17
3925,0,7.21E+17
3926,0,7.21E+17
3927,0,7.21E+17
3928,0,7.21E+17
3929,0,7.21E+17
3930,0,7.21E+17
3931,0,7.21E+17
3932,0,7.21E+17
3933,0,7.21E+17
3934,1,7.21E+17
3935,1,7.21E+17
3936,0,7.21E+17
3937,1,7.21E+17
3938,1,7.21E+17
3939,1,7.21E+17
3940,1,7.21E+17
3941,1,7.21E+17
3942,0,7.21E+17
3943,0,7.21E+17
3944,1,7.21E+17
3945,0,7.21E+17
3946,0,7.21E+17
3947,0,7.21E+17
3948,1,7.21E+17
3949,1,7.21E+17
3950,1,7.21E+17
3951,1,7.21E+17
3952,1,7.21E+17
3953,0,7.21E+17
3954,1,7.21E+17
3955,1,7.21E+17
3956,1,7.21E+17
3957,0,7.21E+17
3958,1,7.21E+17
3959,0,7.21E+17
3960,0,7.21E+17
3961,0,7.21E+17
3962,1,7.21E+17
3963,0,7.21E+17
3964,0,7.21E+17
3965,1,7.21E+17
3966,1,7.21E+17
3967,1,7.21E+17
3968,1,7.21E+17
3969,0,7.21E+17
3970,1,7.21E+17
3971,0,7.21E+17
3972,1,7.21E+17
3973,0,7.21E+17
3974,0,7.21E+17
3975,1,7.21E+17
3976,1,7.21E+17
3977,0,7.21E+17
3978,1,7.21E+17
3979,0,7.21E+17
3980,0,7.21E+17
3981,1,7.21E+17
3982,1,7.21E+17
3983,0,7.21E+17
3984,0,7.21E+17
3985,0,7.21E+17
3986,1,7.21E+17
3987,1,7.21E+17
3988,1,7.21E+17
3989,1,7.21E+17
3990,1,7.21E+17
3991,0,7.21E+17
3992,1,7.21E+17
3993,1,7.21E+17
3994,1,7.21E+17
3995,1,7.21E+17
3996,0,7.21E+17
3997,0,7.21E+17
3998,0,7.21E+17
3999,1,7.21E+17
4000,1,7.21E+17
4001,1,7.21E+17
4002,0,7.21E+17
4003,0,7.21E+17
4004,1,7.21E+17
4005,0,7.21E+17
4006,0,7.21E+17
4007,0,7.21E+17
4008,0,7.21E+17
4009,0,7.21E+17
4010,1,7.21E+17
4011,0,7.21E+17
4012,0,7.21E+17
4013,0,7.21E+17
4014,0,7.21E+17
4015,1,7.21E+17
4016,1,7.21E+17
4017,0,7.21E+17
4018,0,7.21E+17
4019,0,7.21E+17
4020,1,7.21E+17
4021,0,7.21E+17
4022,0,7.21E+17
4023,0,7.21E+17
4024,0,7.21E+17
4025,0,7.21E+17
4026,1,7.21E+17
4027,0,7.21E+17
4028,0,7.21E+17
4029,1,7.21E+17
4030,1,7.21E+17
4031,0,7.21E+17
4032,1,7.21E+17
4033,0,7.21E+17
4034,1,7.21E+17
4035,1,7.21E+17
4036,0,7.21E+17
4037,0,7.21E+17
4038,0,7.21E+17
4039,0,7.21E+17
4040,1,7.21E+17
4041,0,7.21E+17
4042,1,7.21E+17
4043,0,7.21E+17
4044,0,7.21E+17
4045,0,7.21E+17
4046,1,7.21E+17
4047,1,7.21E+17
4048,1,7.21E+17
4049,0,7.21E+17
4050,1,7.21E+17
4051,1,7.21E+17
4052,1,7.21E+17
4053,0,7.21E+17
4054,1,7.21E+17
4055,0,7.21E+17
4056,1,7.21E+17
4057,0,7.21E+17
4058,0,7.21E+17
4059,0,7.21E+17
4060,1,7.21E+17
4061,1,7.21E+17
4062,1,7.21E+17
4063,0,7.21E+17
4064,0,7.21E+17
4065,1,7.21E+17
4066,1,7.21E+17
4067,0,7.21E+17
4068,1,7.21E+17
4069,0,7.21E+17
4070,0,7.21E+17
4071,1,7.21E+17
4072,0,7.21E+17
4073,0,7.21E+17
4074,0,7.21E+17
4075,0,7.21E+17
4076,0,7.21E+17
4077,1,7.21E+17
4078,0,7.21E+17
4079,0,7.21E+17
4080,1,7.21E+17
4081,0,7.21E+17
4082,1,7.21E+17
4083,0,7.21E+17
4084,1,7.21E+17
4085,1,7.21E+17
4086,0,7.21E+17
4087,1,7.21E+17
4088,0,7.21E+17
4089,0,7.21E+17
4090,0,7.21E+17
4091,0,7.21E+17
4092,0,7.21E+17
4093,0,7.21E+17
4094,0,7.21E+17
4095,0,7.21E+17
4096,0,7.21E+17
4097,0,7.21E+17
4098,0,7.21E+17
4099,0,7.21E+17
4100,1,7.21E+17
4101,0,7.21E+17
4102,0,7.21E+17
4103,0,7.21E+17
4104,0,7.21E+17
4105,1,7.21E+17
4106,1,7.21E+17
4107,1,7.21E+17
4108,1,7.21E+17
4109,1,7.21E+17
4110,1,7.21E+17
4111,0,7.21E+17
4112,0,7.21E+17
4113,1,7.21E+17
4114,0,7.21E+17
4115,1,7.21E+17
4116,0,7.21E+17
4117,0,7.21E+17
4118,0,7.21E+17
4119,1,7.21E+17
4120,0,7.21E+17
4121,1,7.21E+17
4122,1,7.21E+17
4123,0,7.21E+17
4124,0,7.21E+17
4125,0,7.21E+17
4126,0,7.21E+17
4127,1,7.21E+17
4128,0,7.21E+17
4129,1,7.21E+17
4130,1,7.21E+17
4131,1,7.21E+17
4132,1,7.21E+17
4133,1,7.21E+17
4134,1,7.21E+17
4135,0,7.21E+17
4136,0,7.21E+17
4137,0,7.21E+17
4138,1,7.21E+17
4139,1,7.21E+17
4140,0,7.21E+17
4141,0,7.21E+17
4142,1,7.21E+17
4143,0,7.21E+17
4144,1,7.21E+17
4145,0,7.21E+17
4146,0,7.21E+17
4147,0,7.21E+17
4148,1,7.21E+17
4149,1,7.21E+17
4150,0,7.21E+17
4151,0,7.21E+17
4152,1,7.21E+17
4153,1,7.21E+17
4154,1,7.21E+17
4155,1,7.21E+17
4156,1,7.21E+17
4157,0,7.21E+17
4158,0,7.21E+17
4159,0,7.21E+17
4160,1,7.21E+17
4161,0,7.21E+17
4162,0,7.21E+17
4163,0,7.21E+17
4164,0,7.21E+17
4165,0,7.21E+17
4166,1,7.21E+17
4167,0,7.21E+17
4168,1,7.21E+17
4169,1,7.21E+17
4170,0,7.21E+17
4171,1,7.21E+17
4172,0,7.21E+17
4173,0,7.21E+17
4174,1,7.21E+17
4175,0,7.21E+17
4176,0,7.21E+17
4177,0,7.21E+17
4178,0,7.21E+17
4179,0,7.21E+17
4180,1,7.21E+17
4181,0,7.21E+17
4182,1,7.21E+17
4183,0,7.21E+17
4184,0,7.21E+17
4185,0,7.21E+17
4186,0,7.21E+17
4187,1,7.21E+17
4188,1,7.21E+17
4189,1,7.21E+17
4190,1,7.21E+17
4191,1,7.21E+17
4192,0,7.21E+17
4193,0,7.21E+17
4194,0,7.21E+17
4195,0,7.21E+17
4196,0,7.21E+17
4197,0,7.21E+17
4198,1,7.21E+17
4199,1,7.21E+17
4200,1,7.21E+17
4201,0,7.21E+17
4202,0,7.21E+17
4203,0,7.21E+17
4204,0,7.21E+17
4205,0,7.21E+17
4206,0,7.21E+17
4207,0,7.21E+17
4208,1,7.21E+17
4209,1,7.21E+17
4210,1,7.21E+17
4211,1,7.21E+17
4212,0,7.21E+17
4213,0,7.21E+17
4214,1,7.21E+17
4215,0,7.21E+17
4216,0,7.21E+17
4217,0,7.21E+17
4218,0,7.21E+17
4219,1,7.21E+17
4220,1,7.21E+17
4221,0,7.21E+17
4222,0,7.21E+17
4223,0,7.21E+17
4224,0,7.21E+17
4225,1,7.21E+17
4226,0,7.21E+17
4227,0,7.21E+17
4228,0,7.21E+17
4229,1,7.21E+17
4230,1,7.21E+17
4231,0,7.21E+17
4232,1,7.21E+17
4233,1,7.21E+17
4234,1,7.21E+17
4235,0,7.21E+17
4236,0,7.21E+17
4237,0,7.21E+17
4238,1,7.21E+17
4239,1,7.21E+17
4240,0,7.21E+17
4241,0,7.21E+17
4242,1,7.21E+17
4243,1,7.21E+17
4244,0,7.21E+17
4245,0,7.21E+17
4246,0,7.21E+17
4247,1,7.21E+17
4248,1,7.21E+17
4249,0,7.21E+17
4250,1,7.21E+17
4251,1,7.21E+17
4252,0,7.21E+17
4253,0,7.21E+17
4254,0,7.21E+17
4255,1,7.21E+17
4256,1,7.21E+17
4257,1,7.21E+17
4258,1,7.21E+17
4259,1,7.21E+17
4260,0,7.21E+17
4261,0,7.21E+17
4262,1,7.21E+17
4263,1,7.21E+17
4264,1,7.21E+17
4265,1,7.21E+17
4266,1,7.21E+17
4267,1,7.21E+17
4268,1,7.21E+17
4269,0,7.21E+17
4270,1,7.21E+17
4271,0,7.21E+17
4272,0,7.21E+17
4273,0,7.21E+17
4274,0,7.21E+17
4275,1,7.21E+17
4276,1,7.21E+17
4277,0,7.21E+17
4278,0,7.21E+17
4279,1,7.21E+17
4280,1,7.21E+17
4281,0,7.21E+17
4282,1,7.21E+17
4283,0,7.21E+17
4284,1,7.21E+17
4285,0,7.21E+17
4286,1,7.21E+17
4287,1,7.21E+17
4288,1,7.21E+17
4289,0,7.21E+17
4290,0,7.21E+17
4291,1,7.21E+17
4292,0,7.21E+17
4293,1,7.21E+17
4294,0,7.21E+17
4295,0,7.21E+17
4296,0,7.21E+17
4297,1,7.21E+17
4298,1,7.21E+17
4299,1,7.21E+17
4300,0,7.21E+17
4301,0,7.21E+17
4302,0,7.21E+17
4303,0,7.21E+17
4304,0,7.21E+17
4305,0,7.21E+17
4306,1,7.21E+17
4307,1,7.21E+17
4308,1,7.21E+17
4309,0,7.21E+17
4310,0,7.21E+17
4311,0,7.21E+17
4312,1,7.21E+17
4313,0,7.21E+17
4314,0,7.21E+17
4315,0,7.21E+17
4316,1,7.21E+17
4317,1,7.21E+17
4318,1,7.21E+17
4319,0,7.21E+17
4320,1,7.21E+17
4321,1,7.21E+17
4322,0,7.21E+17
4323,0,7.21E+17
4324,1,7.21E+17
4325,1,7.21E+17
4326,1,7.21E+17
4327,0,7.21E+17
4328,0,7.21E+17
4329,1,7.21E+17
4330,1,7.21E+17
4331,1,7.21E+17
4332,1,7.21E+17
4333,1,7.21E+17
4334,1,7.21E+17
4335,1,7.21E+17
4336,1,7.21E+17
4337,1,7.21E+17
4338,1,7.21E+17
4339,1,7.21E+17
4340,0,7.21E+17
4341,1,7.21E+17
4342,0,7.21E+17
4343,1,7.21E+17
4344,1,7.21E+17
4345,1,7.21E+17
4346,1,7.21E+17
4347,1,7.21E+17
4348,0,7.21E+17
4349,1,7.21E+17
4350,1,7.21E+17
4351,0,7.21E+17
4352,0,7.21E+17
4353,0,7.21E+17
4354,0,7.21E+17
4355,0,7.21E+17
4356,1,7.21E+17
4357,1,7.21E+17
4358,0,7.21E+17
4359,0,7.21E+17
4360,1,7.21E+17
4361,0,7.21E+17
4362,1,7.21E+17
4363,1,7.21E+17
4364,1,7.21E+17
4365,1,7.21E+17
4366,0,7.21E+17
4367,1,7.21E+17
4368,1,7.21E+17
4369,1,7.21E+17
4370,0,7.21E+17
4371,1,7.21E+17
4372,0,7.21E+17
4373,1,7.21E+17
4374,0,7.21E+17
4375,1,7.21E+17
4376,0,7.21E+17
4377,0,7.21E+17
4378,0,7.21E+17
4379,1,7.21E+17
4380,0,7.21E+17
4381,0,7.21E+17
4382,0,7.21E+17
4383,0,7.21E+17
4384,1,7.21E+17
4385,1,7.21E+17
4386,1,7.21E+17
4387,0,7.21E+17
4388,0,7.21E+17
4389,1,7.21E+17
4390,0,7.21E+17
4391,0,7.21E+17
4392,0,7.21E+17
4393,1,7.21E+17
4394,1,7.21E+17
4395,1,7.21E+17
4396,1,7.21E+17
4397,1,7.21E+17
4398,1,7.21E+17
4399,0,7.21E+17
4400,1,7.21E+17
4401,0,7.21E+17
4402,0,7.21E+17
4403,0,7.21E+17
4404,1,7.21E+17
4405,1,7.21E+17
4406,0,7.21E+17
4407,0,7.21E+17
4408,1,7.21E+17
4409,0,7.21E+17
4410,1,7.21E+17
4411,1,7.21E+17
4412,1,7.21E+17
4413,0,7.21E+17
4414,1,7.21E+17
4415,1,7.21E+17
4416,1,7.21E+17
4417,1,7.21E+17
4418,1,7.21E+17
4419,0,7.21E+17
4420,1,7.21E+17
4421,0,7.21E+17
4422,0,7.21E+17
4423,0,7.21E+17
4424,0,7.21E+17
4425,0,7.21E+17
4426,0,7.21E+17
4427,1,7.21E+17
4428,0,7.21E+17
4429,1,7.21E+17
4430,0,7.21E+17
4431,1,7.21E+17
4432,0,7.21E+17
4433,0,7.21E+17
4434,1,7.21E+17
4435,1,7.21E+17
4436,0,7.21E+17
4437,0,7.21E+17
4438,0,7.21E+17
4439,0,7.21E+17
4440,0,7.21E+17
4441,0,7.21E+17
4442,0,7.21E+17
4443,1,7.21E+17
4444,0,7.21E+17
4445,1,7.21E+17
4446,1,7.21E+17
4447,0,7.21E+17
4448,1,7.21E+17
4449,0,7.21E+17
4450,0,7.21E+17
4451,1,7.21E+17
4452,0,7.21E+17
4453,0,7.21E+17
4454,1,7.21E+17
4455,1,7.21E+17
4456,0,7.21E+17
4457,0,7.21E+17
4458,1,7.21E+17
4459,1,7.21E+17
4460,1,7.21E+17
4461,1,7.21E+17
4462,1,7.21E+17
4463,1,7.21E+17
4464,1,7.21E+17
4465,1,7.21E+17
4466,0,7.21E+17
4467,1,7.21E+17
4468,1,7.21E+17
4469,1,7.21E+17
4470,1,7.21E+17
4471,1,7.21E+17
4472,1,7.21E+17
4473,1,7.21E+17
4474,1,7.21E+17
4475,1,7.21E+17
4476,0,7.21E+17
4477,1,7.21E+17
4478,0,7.21E+17
4479,1,7.21E+17
4480,1,7.21E+17
4481,0,7.21E+17
4482,1,7.21E+17
4483,0,7.21E+17
4484,1,7.21E+17
4485,1,7.21E+17
4486,0,7.21E+17
4487,0,7.21E+17
4488,0,7.21E+17
4489,0,7.21E+17
4490,0,7.21E+17
4491,0,7.21E+17
4492,1,7.21E+17
4493,0,7.21E+17
4494,0,7.21E+17
4495,0,7.21E+17
4496,0,7.21E+17
4497,0,7.21E+17
4498,1,7.21E+17
4499,1,7.21E+17
4500,1,7.21E+17
4501,0,7.21E+17
4502,0,7.21E+17
4503,0,7.21E+17
4504,0,7.21E+17
4505,0,7.21E+17
4506,0,7.21E+17
4507,0,7.21E+17
4508,0,7.21E+17
4509,0,7.21E+17
4510,0,7.21E+17
4511,0,7.21E+17
4512,0,7.21E+17
4513,0,7.21E+17
4514,1,7.21E+17
4515,1,7.21E+17
4516,0,7.21E+17
4517,1,7.21E+17
4518,0,7.21E+17
4519,0,7.21E+17
4520,0,7.21E+17
4521,0,7.21E+17
4522,0,7.21E+17
4523,1,7.21E+17
4524,1,7.21E+17
4525,0,7.21E+17
4526,0,7.21E+17
4527,0,7.21E+17
4528,0,7.21E+17
4529,0,7.21E+17
4530,0,7.21E+17
4531,0,7.21E+17
4532,0,7.21E+17
4533,1,7.21E+17
4534,0,7.21E+17
4535,0,7.21E+17
4536,0,7.21E+17
4537,0,7.21E+17
4538,0,7.21E+17
4539,0,7.21E+17
4540,0,7.21E+17
4541,0,7.21E+17
4542,0,7.21E+17
4543,1,7.21E+17
4544,0,7.21E+17
4545,1,7.21E+17
4546,0,7.21E+17
4547,0,7.21E+17
4548,0,7.21E+17
4549,0,7.21E+17
4550,0,7.21E+17
4551,1,7.21E+17
4552,1,7.21E+17
4553,1,7.21E+17
4554,1,7.21E+17
4555,0,7.21E+17
4556,1,7.21E+17
4557,1,7.21E+17
4558,0,7.21E+17
4559,1,7.21E+17
4560,0,7.21E+17
4561,1,7.21E+17
4562,1,7.21E+17
4563,0,7.21E+17
4564,0,7.21E+17
4565,1,7.21E+17
4566,1,7.21E+17
4567,0,7.21E+17
4568,1,7.21E+17
4569,0,7.21E+17
4570,0,7.21E+17
4571,1,7.21E+17
4572,1,7.21E+17
4573,0,7.21E+17
4574,1,7.21E+17
4575,0,7.21E+17
4576,0,7.21E+17
4577,1,7.21E+17
4578,0,7.21E+17
4579,0,7.21E+17
4580,1,7.21E+17
4581,1,7.21E+17
4582,0,7.21E+17
4583,0,7.21E+17
4584,1,7.21E+17
4585,0,7.21E+17
4586,0,7.21E+17
4587,1,7.21E+17
4588,0,7.21E+17
4589,0,7.21E+17
4590,1,7.21E+17
4591,1,7.21E+17
4592,1,7.21E+17
4593,1,7.21E+17
4594,1,7.21E+17
4595,0,7.21E+17
4596,0,7.21E+17
4597,1,7.21E+17
4598,0,7.21E+17
4599,1,7.21E+17
4600,0,7.21E+17
4601,0,7.21E+17
4602,1,7.21E+17
4603,0,7.21E+17
4604,1,7.21E+17
4605,1,7.21E+17
4606,1,7.21E+17
4607,1,7.21E+17
4608,0,7.21E+17
4609,0,7.21E+17
4610,1,7.21E+17
4611,0,7.21E+17
4612,1,7.21E+17
4613,0,7.21E+17
4614,1,7.21E+17
4615,1,7.21E+17
4616,1,7.21E+17
4617,1,7.21E+17
4618,0,7.21E+17
4619,0,7.21E+17
4620,1,7.21E+17
4621,1,7.21E+17
4622,1,7.21E+17
4623,0,7.21E+17
4624,0,7.21E+17
4625,0,7.21E+17
4626,0,7.21E+17
4627,0,7.21E+17
4628,0,7.21E+17
4629,1,7.21E+17
4630,0,7.21E+17
4631,1,7.21E+17
4632,1,7.21E+17
4633,1,7.21E+17
4634,0,7.21E+17
4635,1,7.21E+17
4636,1,7.21E+17
4637,1,7.21E+17
4638,0,7.21E+17
4639,1,7.21E+17
4640,1,7.21E+17
4641,1,7.21E+17
4642,0,7.21E+17
4643,1,7.21E+17
4644,1,7.21E+17
4645,0,7.21E+17
4646,1,7.21E+17
4647,1,7.21E+17
4648,0,7.21E+17
4649,1,7.21E+17
4650,0,7.21E+17
4651,1,7.21E+17
4652,1,7.21E+17
4653,0,7.21E+17
4654,0,7.21E+17
4655,1,7.21E+17
4656,1,7.21E+17
4657,1,7.21E+17
4658,1,7.21E+17
4659,0,7.21E+17
4660,0,7.21E+17
4661,0,7.21E+17
